session_id,user_id,session_start,session_end,device_type,location,login_method,mfa_used
S00001,U000,2025-01-01 09:20:00,2025-01-01 11:12:00,laptop,India,password,True
S00002,U000,2025-01-02 08:35:00,2025-01-02 09:28:00,vpn,India,password,False
S00003,U000,2025-01-03 08:59:00,2025-01-03 09:49:00,laptop,India,password,False
S00004,U000,2025-01-03 11:16:00,2025-01-03 12:07:00,vpn,India,password,True
S00005,U000,2025-01-04 09:58:00,2025-01-04 11:09:00,vpn,India,password+token,True
S00006,U000,2025-01-06 08:54:00,2025-01-06 10:27:00,vpn,Germany,password+token,True
S00007,U000,2025-01-06 11:47:00,2025-01-06 12:23:00,vpn,India,password+token,True
S00008,U000,2025-01-07 09:24:00,2025-01-07 10:53:00,laptop,Germany,password,True
S00009,U000,2025-01-07 11:31:00,2025-01-07 13:30:00,vpn,Germany,password,True
S00010,U000,2025-01-09 10:34:00,2025-01-09 12:21:00,vpn,Germany,password,True
S00011,U000,2025-01-10 09:01:00,2025-01-10 09:36:00,laptop,Germany,password+token,True
S00012,U000,2025-01-10 10:09:00,2025-01-10 11:32:00,vpn,Germany,password,True
S00013,U000,2025-01-12 09:47:00,2025-01-12 10:31:00,laptop,India,password+token,True
S00014,U000,2025-01-12 12:27:00,2025-01-12 13:58:00,laptop,India,password,True
S00015,U000,2025-01-13 10:46:00,2025-01-13 12:08:00,vpn,India,password+token,True
S00016,U000,2025-01-13 14:06:00,2025-01-13 15:35:00,vpn,India,password,True
S00017,U000,2025-01-14 06:07:00,2025-01-14 08:04:00,laptop,Germany,password+token,True
S00018,U000,2025-01-15 07:34:00,2025-01-15 08:38:00,laptop,India,password+token,False
S00019,U000,2025-01-15 09:12:00,2025-01-15 10:22:00,laptop,India,password+token,False
S00020,U000,2025-01-17 08:23:00,2025-01-17 09:29:00,vpn,India,password,False
S00021,U000,2025-01-20 08:46:00,2025-01-20 10:33:00,vpn,Germany,password+token,False
S00022,U000,2025-01-22 13:14:00,2025-01-22 15:13:00,laptop,India,password+token,True
S00023,U000,2025-01-22 16:59:00,2025-01-22 18:19:00,vpn,India,password,True
S00024,U000,2025-01-24 07:03:00,2025-01-24 07:55:00,laptop,Germany,password+token,False
S00025,U000,2025-01-24 08:39:00,2025-01-24 09:51:00,vpn,India,password+token,True
S00026,U000,2025-01-26 09:05:00,2025-01-26 10:02:00,vpn,Germany,password+token,False
S00027,U000,2025-01-27 10:10:00,2025-01-27 12:08:00,laptop,India,password+token,True
S00028,U000,2025-01-27 12:38:00,2025-01-27 13:34:00,vpn,India,password+token,True
S00029,U000,2025-01-30 07:32:00,2025-01-30 08:52:00,laptop,Germany,password+token,True
S00030,U000,2025-01-30 09:45:00,2025-01-30 11:33:00,vpn,India,password+token,True
S00031,U000,2025-01-31 12:40:00,2025-01-31 14:01:00,vpn,India,password,True
S00032,U000,2025-01-31 15:28:00,2025-01-31 16:49:00,vpn,India,password+token,True
S00033,U000,2025-02-03 09:01:00,2025-02-03 10:24:00,vpn,Germany,password+token,True
S00034,U000,2025-02-03 10:54:00,2025-02-03 11:42:00,laptop,Germany,password,False
S00035,U000,2025-02-04 08:31:00,2025-02-04 10:10:00,vpn,Germany,password+token,True
S00036,U000,2025-02-04 11:47:00,2025-02-04 13:11:00,vpn,Germany,password+token,False
S00037,U000,2025-02-05 08:33:00,2025-02-05 10:12:00,vpn,Germany,password,True
S00038,U000,2025-02-08 10:05:00,2025-02-08 11:54:00,laptop,India,password,True
S00039,U000,2025-02-09 09:18:00,2025-02-09 10:07:00,laptop,India,password,False
S00040,U000,2025-02-10 07:39:00,2025-02-10 08:47:00,laptop,India,password,False
S00041,U000,2025-02-11 07:30:00,2025-02-11 08:41:00,laptop,Germany,password,True
S00042,U000,2025-02-11 09:26:00,2025-02-11 11:25:00,vpn,Germany,password+token,False
S00043,U000,2025-02-12 09:01:00,2025-02-12 09:31:00,vpn,India,password,True
S00044,U001,2025-01-01 09:19:00,2025-01-01 10:12:00,laptop,India,password,True
S00045,U001,2025-01-07 09:24:00,2025-01-07 10:18:00,vpn,Germany,password,True
S00046,U001,2025-01-07 12:09:00,2025-01-07 13:44:00,laptop,Germany,password,False
S00047,U001,2025-01-09 08:47:00,2025-01-09 09:36:00,vpn,Germany,password+token,True
S00048,U001,2025-01-12 08:11:00,2025-01-12 09:39:00,laptop,Germany,password+token,True
S00049,U001,2025-01-12 10:30:00,2025-01-12 11:29:00,vpn,India,password,False
S00050,U001,2025-01-13 08:20:00,2025-01-13 09:19:00,vpn,Germany,password,False
S00051,U001,2025-01-13 10:52:00,2025-01-13 12:30:00,vpn,India,password,True
S00052,U001,2025-01-14 09:34:00,2025-01-14 11:07:00,vpn,India,password,False
S00053,U001,2025-01-14 11:53:00,2025-01-14 13:06:00,vpn,India,password+token,False
S00054,U001,2025-01-17 08:45:00,2025-01-17 10:07:00,vpn,India,password+token,True
S00055,U001,2025-01-19 09:20:00,2025-01-19 10:21:00,laptop,India,password,False
S00056,U001,2025-01-20 07:53:00,2025-01-20 09:20:00,laptop,India,password+token,False
S00057,U001,2025-01-20 10:35:00,2025-01-20 11:28:00,laptop,India,password,True
S00058,U001,2025-01-22 07:26:00,2025-01-22 07:57:00,vpn,Germany,password+token,True
S00059,U001,2025-01-24 07:54:00,2025-01-24 08:49:00,laptop,Germany,password+token,False
S00060,U001,2025-01-24 09:43:00,2025-01-24 10:36:00,vpn,India,password,False
S00061,U001,2025-01-25 07:35:00,2025-01-25 08:49:00,laptop,Germany,password,True
S00062,U001,2025-01-26 09:22:00,2025-01-26 10:06:00,vpn,India,password,True
S00063,U001,2025-01-26 11:41:00,2025-01-26 12:42:00,laptop,India,password+token,True
S00064,U001,2025-01-27 09:57:00,2025-01-27 11:29:00,vpn,Germany,password+token,False
S00065,U001,2025-01-30 08:59:00,2025-01-30 09:36:00,vpn,India,password+token,False
S00066,U001,2025-01-30 10:10:00,2025-01-30 11:47:00,vpn,India,password,False
S00067,U001,2025-01-31 10:46:00,2025-01-31 12:10:00,vpn,India,password,True
S00068,U001,2025-01-31 12:55:00,2025-01-31 13:37:00,laptop,Germany,password+token,False
S00069,U001,2025-02-02 08:54:00,2025-02-02 10:53:00,vpn,Germany,password,True
S00070,U001,2025-02-02 12:24:00,2025-02-02 13:16:00,vpn,Germany,password,True
S00071,U001,2025-02-04 07:00:00,2025-02-04 08:03:00,laptop,Germany,password+token,True
S00072,U001,2025-02-04 09:20:00,2025-02-04 11:18:00,laptop,Germany,password+token,False
S00073,U001,2025-02-05 11:04:00,2025-02-05 11:55:00,vpn,India,password+token,False
S00074,U001,2025-02-05 13:31:00,2025-02-05 15:16:00,vpn,India,password,True
S00075,U001,2025-02-06 09:56:00,2025-02-06 10:54:00,laptop,India,password,True
S00076,U001,2025-02-06 12:32:00,2025-02-06 13:48:00,laptop,India,password,True
S00077,U001,2025-02-09 09:35:00,2025-02-09 10:37:00,vpn,India,password,True
S00078,U001,2025-02-09 11:29:00,2025-02-09 12:08:00,vpn,India,password+token,False
S00079,U001,2025-02-11 09:57:00,2025-02-11 10:45:00,vpn,India,password,True
S00080,U001,2025-02-11 11:15:00,2025-02-11 12:53:00,vpn,Germany,password+token,False
S00081,U002,2025-01-04 11:36:00,2025-01-04 12:17:00,laptop,India,password,True
S00082,U002,2025-01-07 08:11:00,2025-01-07 09:26:00,laptop,India,password+token,True
S00083,U002,2025-01-08 11:28:00,2025-01-08 12:23:00,workstation,Germany,password+token,False
S00084,U002,2025-01-09 08:40:00,2025-01-09 09:16:00,workstation,Germany,password,True
S00085,U002,2025-01-15 11:34:00,2025-01-15 12:52:00,laptop,Germany,password+token,False
S00086,U002,2025-01-15 13:57:00,2025-01-15 15:48:00,workstation,Germany,password+token,True
S00087,U002,2025-01-16 08:31:00,2025-01-16 09:37:00,laptop,Germany,password+token,True
S00088,U002,2025-01-19 10:47:00,2025-01-19 12:45:00,laptop,Germany,password+token,True
S00089,U002,2025-01-19 14:13:00,2025-01-19 15:01:00,workstation,Germany,password+token,True
S00090,U002,2025-01-20 10:18:00,2025-01-20 12:03:00,workstation,Germany,password,True
S00091,U002,2025-01-23 09:34:00,2025-01-23 10:15:00,laptop,India,password,True
S00092,U002,2025-01-23 12:09:00,2025-01-23 13:31:00,laptop,Germany,password+token,False
S00093,U002,2025-01-25 11:57:00,2025-01-25 13:05:00,laptop,India,password,False
S00094,U002,2025-01-25 13:39:00,2025-01-25 14:43:00,workstation,India,password+token,False
S00095,U002,2025-01-26 10:37:00,2025-01-26 11:13:00,workstation,Germany,password+token,True
S00096,U002,2025-01-26 12:22:00,2025-01-26 13:33:00,workstation,India,password,True
S00097,U002,2025-01-28 10:36:00,2025-01-28 11:43:00,laptop,India,password,False
S00098,U002,2025-01-29 09:06:00,2025-01-29 11:04:00,workstation,Germany,password,True
S00099,U002,2025-01-30 10:30:00,2025-01-30 11:18:00,workstation,India,password,False
S00100,U002,2025-01-30 12:41:00,2025-01-30 13:49:00,laptop,Germany,password,True
S00101,U002,2025-02-01 09:57:00,2025-02-01 10:46:00,laptop,India,password,True
S00102,U002,2025-02-02 08:38:00,2025-02-02 09:08:00,laptop,Germany,password,False
S00103,U002,2025-02-03 08:55:00,2025-02-03 09:57:00,workstation,India,password+token,True
S00104,U002,2025-02-05 09:44:00,2025-02-05 11:14:00,workstation,Germany,password,True
S00105,U002,2025-02-05 13:03:00,2025-02-05 14:57:00,workstation,India,password,False
S00106,U002,2025-02-06 09:46:00,2025-02-06 11:04:00,workstation,India,password+token,False
S00107,U002,2025-02-07 10:53:00,2025-02-07 11:25:00,workstation,India,password,False
S00108,U002,2025-02-08 09:52:00,2025-02-08 10:29:00,workstation,India,password,True
S00109,U002,2025-02-08 11:34:00,2025-02-08 13:33:00,laptop,Germany,password,True
S00110,U002,2025-02-09 09:27:00,2025-02-09 10:37:00,laptop,India,password+token,True
S00111,U002,2025-02-09 11:33:00,2025-02-09 13:05:00,workstation,Germany,password,True
S00112,U002,2025-02-10 08:12:00,2025-02-10 09:27:00,workstation,India,password+token,True
S00113,U002,2025-02-10 10:02:00,2025-02-10 11:53:00,laptop,Germany,password+token,True
S00114,U002,2025-02-11 10:01:00,2025-02-11 10:40:00,laptop,India,password+token,False
S00115,U002,2025-02-13 11:17:00,2025-02-13 12:35:00,workstation,Germany,password+token,True
S00116,U002,2025-02-15 09:26:00,2025-02-15 10:44:00,workstation,India,password,False
S00117,U003,2025-01-01 09:04:00,2025-01-01 11:23:00,workstation,Singapore,password+token,True
S00118,U003,2025-01-04 08:36:00,2025-01-04 10:43:00,laptop,Singapore,password+token,True
S00119,U003,2025-01-05 07:44:00,2025-01-05 08:32:00,laptop,Singapore,password+token,True
S00120,U003,2025-01-05 10:03:00,2025-01-05 14:00:00,laptop,Singapore,password+token,True
S00121,U003,2025-01-08 07:38:00,2025-01-08 10:56:00,laptop,Germany,password+token,True
S00122,U003,2025-01-08 11:59:00,2025-01-08 15:45:00,workstation,Singapore,password+token,True
S00123,U003,2025-01-10 08:22:00,2025-01-10 10:31:00,laptop,Singapore,password+token,True
S00124,U003,2025-01-10 11:14:00,2025-01-10 13:04:00,workstation,Germany,password+token,True
S00125,U003,2025-01-17 13:33:00,2025-01-17 15:09:00,workstation,Singapore,password+token,True
S00126,U003,2025-01-18 08:54:00,2025-01-18 11:24:00,workstation,Singapore,password+token,True
S00127,U003,2025-01-21 11:16:00,2025-01-21 13:14:00,workstation,Singapore,password+token,True
S00128,U003,2025-01-21 14:00:00,2025-01-21 16:08:00,laptop,Germany,password+token,True
S00129,U003,2025-01-22 06:42:00,2025-01-22 08:09:00,workstation,Singapore,password+token,True
S00130,U003,2025-01-22 09:53:00,2025-01-22 12:32:00,laptop,Singapore,password+token,True
S00131,U003,2025-01-23 10:54:00,2025-01-23 12:58:00,workstation,Germany,password+token,True
S00132,U003,2025-01-24 07:03:00,2025-01-24 10:51:00,workstation,Singapore,password+token,True
S00133,U003,2025-01-24 11:45:00,2025-01-24 15:44:00,laptop,Singapore,password+token,True
S00134,U003,2025-01-26 09:49:00,2025-01-26 11:34:00,workstation,Singapore,password+token,True
S00135,U003,2025-01-26 12:54:00,2025-01-26 16:05:00,workstation,Singapore,password+token,True
S00136,U003,2025-01-28 08:25:00,2025-01-28 09:55:00,laptop,Singapore,password+token,True
S00137,U003,2025-01-28 10:58:00,2025-01-28 14:39:00,laptop,Germany,password+token,True
S00138,U003,2025-01-29 07:26:00,2025-01-29 09:23:00,workstation,Singapore,password+token,True
S00139,U003,2025-01-30 07:29:00,2025-01-30 10:00:00,laptop,Germany,password+token,True
S00140,U003,2025-02-01 09:35:00,2025-02-01 10:20:00,workstation,Germany,password+token,True
S00141,U003,2025-02-01 10:57:00,2025-02-01 13:34:00,laptop,Germany,password+token,True
S00142,U003,2025-02-02 08:21:00,2025-02-02 09:19:00,laptop,Germany,password+token,True
S00143,U003,2025-02-02 11:18:00,2025-02-02 12:30:00,laptop,Singapore,password+token,True
S00144,U003,2025-02-03 07:01:00,2025-02-03 09:34:00,laptop,Singapore,password+token,True
S00145,U003,2025-02-03 10:29:00,2025-02-03 11:27:00,workstation,Germany,password+token,True
S00146,U003,2025-02-04 09:45:00,2025-02-04 12:16:00,workstation,Singapore,password+token,True
S00147,U003,2025-02-05 09:17:00,2025-02-05 10:39:00,workstation,Germany,password+token,True
S00148,U003,2025-02-06 09:27:00,2025-02-06 10:50:00,laptop,Germany,password+token,True
S00149,U003,2025-02-07 08:21:00,2025-02-07 11:11:00,laptop,Singapore,password+token,True
S00150,U003,2025-02-08 08:09:00,2025-02-08 10:00:00,laptop,Germany,password+token,True
S00151,U003,2025-02-10 05:46:00,2025-02-10 07:04:00,workstation,Germany,password+token,True
S00152,U003,2025-02-10 07:41:00,2025-02-10 11:13:00,laptop,Germany,password+token,True
S00153,U003,2025-02-11 06:51:00,2025-02-11 08:01:00,workstation,Germany,password+token,True
S00154,U003,2025-02-13 07:44:00,2025-02-13 10:29:00,workstation,Singapore,password+token,True
S00155,U003,2025-02-14 08:47:00,2025-02-14 09:35:00,workstation,Singapore,password+token,True
S00156,U003,2025-02-14 11:19:00,2025-02-14 15:13:00,workstation,Germany,password+token,True
S00157,U003,2025-02-15 06:23:00,2025-02-15 08:02:00,workstation,Singapore,password+token,True
S00158,U004,2025-01-02 09:30:00,2025-01-02 10:05:00,laptop,Germany,password+token,True
S00159,U004,2025-01-06 08:37:00,2025-01-06 09:57:00,laptop,Germany,password+token,False
S00160,U004,2025-01-06 11:32:00,2025-01-06 13:20:00,workstation,Singapore,password+token,True
S00161,U004,2025-01-07 08:53:00,2025-01-07 10:30:00,laptop,Germany,password,True
S00162,U004,2025-01-08 09:11:00,2025-01-08 10:27:00,workstation,Germany,password+token,False
S00163,U004,2025-01-10 08:42:00,2025-01-10 09:14:00,workstation,Germany,password,True
S00164,U004,2025-01-10 10:33:00,2025-01-10 11:12:00,laptop,Singapore,password+token,True
S00165,U004,2025-01-11 07:12:00,2025-01-11 08:21:00,laptop,Singapore,password,False
S00166,U004,2025-01-11 09:55:00,2025-01-11 11:27:00,workstation,Singapore,password+token,False
S00167,U004,2025-01-13 10:30:00,2025-01-13 11:48:00,workstation,Singapore,password+token,False
S00168,U004,2025-01-13 13:17:00,2025-01-13 14:36:00,workstation,Singapore,password+token,True
S00169,U004,2025-01-16 09:00:00,2025-01-16 10:09:00,laptop,Singapore,password,False
S00170,U004,2025-01-17 09:13:00,2025-01-17 10:42:00,laptop,Germany,password+token,True
S00171,U004,2025-01-18 08:18:00,2025-01-18 10:05:00,laptop,Singapore,password,True
S00172,U004,2025-01-19 10:07:00,2025-01-19 11:15:00,laptop,Singapore,password+token,False
S00173,U004,2025-01-22 09:14:00,2025-01-22 10:08:00,workstation,Singapore,password,True
S00174,U004,2025-01-23 10:50:00,2025-01-23 11:58:00,workstation,Singapore,password,True
S00175,U004,2025-01-23 12:33:00,2025-01-23 14:09:00,workstation,Singapore,password,False
S00176,U004,2025-01-24 09:51:00,2025-01-24 10:35:00,laptop,Germany,password,False
S00177,U004,2025-01-24 11:37:00,2025-01-24 12:33:00,laptop,Singapore,password+token,False
S00178,U004,2025-01-25 10:32:00,2025-01-25 12:09:00,workstation,Singapore,password+token,True
S00179,U004,2025-01-28 09:12:00,2025-01-28 10:12:00,laptop,Singapore,password+token,True
S00180,U004,2025-01-28 12:09:00,2025-01-28 13:30:00,laptop,Singapore,password,True
S00181,U004,2025-01-30 10:26:00,2025-01-30 11:31:00,laptop,Germany,password,True
S00182,U004,2025-01-31 08:19:00,2025-01-31 08:59:00,laptop,Germany,password,False
S00183,U004,2025-02-01 07:45:00,2025-02-01 08:26:00,workstation,Germany,password,False
S00184,U004,2025-02-01 09:57:00,2025-02-01 11:48:00,workstation,Germany,password,False
S00185,U004,2025-02-02 06:42:00,2025-02-02 08:27:00,workstation,Germany,password+token,True
S00186,U004,2025-02-02 10:04:00,2025-02-02 10:38:00,workstation,Germany,password+token,False
S00187,U004,2025-02-04 08:50:00,2025-02-04 09:48:00,laptop,Singapore,password,True
S00188,U004,2025-02-04 10:58:00,2025-02-04 12:53:00,workstation,Germany,password+token,False
S00189,U004,2025-02-05 08:20:00,2025-02-05 10:19:00,workstation,Germany,password+token,False
S00190,U004,2025-02-06 07:50:00,2025-02-06 08:59:00,laptop,Singapore,password,False
S00191,U004,2025-02-07 07:08:00,2025-02-07 08:51:00,workstation,Germany,password,False
S00192,U004,2025-02-08 08:25:00,2025-02-08 10:09:00,laptop,Germany,password,False
S00193,U004,2025-02-09 07:33:00,2025-02-09 08:19:00,laptop,Singapore,password+token,True
S00194,U004,2025-02-10 08:06:00,2025-02-10 09:27:00,workstation,Singapore,password,True
S00195,U004,2025-02-12 08:42:00,2025-02-12 09:33:00,laptop,Singapore,password,True
S00196,U004,2025-02-13 08:27:00,2025-02-13 09:59:00,laptop,Singapore,password+token,False
S00197,U004,2025-02-14 07:31:00,2025-02-14 08:13:00,workstation,Singapore,password,True
S00198,U004,2025-02-15 08:28:00,2025-02-15 09:46:00,laptop,Singapore,password+token,True
S00199,U004,2025-02-15 10:45:00,2025-02-15 11:30:00,laptop,Singapore,password+token,True
S00200,U005,2025-01-01 09:50:00,2025-01-01 11:06:00,laptop,USA,password+token,True
S00201,U005,2025-01-01 12:13:00,2025-01-01 13:33:00,vpn,Germany,password+token,True
S00202,U005,2025-01-02 09:09:00,2025-01-02 10:52:00,vpn,Germany,password+token,False
S00203,U005,2025-01-03 08:22:00,2025-01-03 09:46:00,laptop,USA,password+token,True
S00204,U005,2025-01-06 08:07:00,2025-01-06 09:30:00,vpn,USA,password+token,True
S00205,U005,2025-01-07 08:32:00,2025-01-07 09:09:00,laptop,Germany,password,True
S00206,U005,2025-01-08 10:15:00,2025-01-08 11:52:00,laptop,USA,password+token,False
S00207,U005,2025-01-08 13:15:00,2025-01-08 15:09:00,laptop,USA,password+token,True
S00208,U005,2025-01-09 09:06:00,2025-01-09 10:49:00,vpn,Germany,password,True
S00209,U005,2025-01-09 11:41:00,2025-01-09 13:35:00,vpn,Germany,password+token,True
S00210,U005,2025-01-10 10:00:00,2025-01-10 11:16:00,laptop,USA,password+token,False
S00211,U005,2025-01-10 11:56:00,2025-01-10 12:27:00,vpn,USA,password+token,True
S00212,U005,2025-01-11 10:04:00,2025-01-11 11:10:00,vpn,USA,password+token,True
S00213,U005,2025-01-11 11:48:00,2025-01-11 13:10:00,vpn,USA,password+token,True
S00214,U005,2025-01-14 09:22:00,2025-01-14 11:12:00,laptop,Germany,password,True
S00215,U005,2025-01-14 13:02:00,2025-01-14 13:45:00,vpn,Germany,password,False
S00216,U005,2025-01-16 09:53:00,2025-01-16 10:44:00,laptop,Germany,password+token,False
S00217,U005,2025-01-18 10:05:00,2025-01-18 10:52:00,vpn,USA,password,True
S00218,U005,2025-01-20 10:16:00,2025-01-20 11:22:00,laptop,USA,password,False
S00219,U005,2025-01-20 13:07:00,2025-01-20 15:03:00,vpn,Germany,password+token,True
S00220,U005,2025-01-21 10:56:00,2025-01-21 12:18:00,laptop,Germany,password+token,True
S00221,U005,2025-01-23 10:57:00,2025-01-23 12:12:00,laptop,Germany,password+token,True
S00222,U005,2025-01-23 13:35:00,2025-01-23 15:09:00,laptop,USA,password,True
S00223,U005,2025-01-25 08:35:00,2025-01-25 10:03:00,laptop,USA,password+token,True
S00224,U005,2025-01-26 10:54:00,2025-01-26 11:47:00,vpn,USA,password+token,False
S00225,U005,2025-01-26 13:25:00,2025-01-26 14:50:00,laptop,Germany,password+token,True
S00226,U005,2025-01-27 09:16:00,2025-01-27 10:47:00,vpn,Germany,password,False
S00227,U005,2025-01-27 12:29:00,2025-01-27 13:24:00,vpn,USA,password,True
S00228,U005,2025-01-28 08:16:00,2025-01-28 08:46:00,laptop,Germany,password,True
S00229,U005,2025-01-28 09:58:00,2025-01-28 11:09:00,vpn,Germany,password,True
S00230,U005,2025-01-29 09:29:00,2025-01-29 10:10:00,laptop,USA,password,True
S00231,U005,2025-01-29 11:23:00,2025-01-29 12:51:00,vpn,USA,password+token,False
S00232,U005,2025-01-30 10:56:00,2025-01-30 12:20:00,vpn,USA,password+token,True
S00233,U005,2025-01-30 13:01:00,2025-01-30 14:32:00,laptop,Germany,password,False
S00234,U005,2025-02-09 09:13:00,2025-02-09 11:01:00,laptop,USA,password,False
S00235,U005,2025-02-09 11:39:00,2025-02-09 12:56:00,laptop,Germany,password,True
S00236,U005,2025-02-10 09:17:00,2025-02-10 10:25:00,laptop,Germany,password,True
S00237,U005,2025-02-11 09:34:00,2025-02-11 11:03:00,vpn,USA,password+token,True
S00238,U005,2025-02-13 08:54:00,2025-02-13 10:50:00,vpn,Germany,password,True
S00239,U005,2025-02-13 11:34:00,2025-02-13 12:07:00,vpn,USA,password+token,False
S00240,U005,2025-02-14 06:43:00,2025-02-14 08:18:00,laptop,Germany,password+token,True
S00241,U005,2025-02-14 09:29:00,2025-02-14 10:32:00,laptop,USA,password,True
S00242,U006,2025-01-01 10:31:00,2025-01-01 11:39:00,vpn,USA,password,True
S00243,U006,2025-01-01 12:37:00,2025-01-01 14:08:00,vpn,Singapore,password+token,True
S00244,U006,2025-01-02 10:46:00,2025-01-02 11:25:00,laptop,USA,password+token,True
S00245,U006,2025-01-02 13:18:00,2025-01-02 13:52:00,laptop,Singapore,password+token,False
S00246,U006,2025-01-03 09:13:00,2025-01-03 10:12:00,laptop,Singapore,password,False
S00247,U006,2025-01-05 06:23:00,2025-01-05 08:00:00,vpn,Singapore,password+token,True
S00248,U006,2025-01-05 09:06:00,2025-01-05 10:36:00,laptop,USA,password,True
S00249,U006,2025-01-06 07:55:00,2025-01-06 09:27:00,vpn,USA,password+token,False
S00250,U006,2025-01-07 08:28:00,2025-01-07 10:00:00,vpn,USA,password+token,True
S00251,U006,2025-01-09 08:33:00,2025-01-09 09:59:00,laptop,Singapore,password,True
S00252,U006,2025-01-10 09:53:00,2025-01-10 11:09:00,laptop,Singapore,password,True
S00253,U006,2025-01-11 09:57:00,2025-01-11 11:27:00,laptop,Singapore,password+token,True
S00254,U006,2025-01-11 12:31:00,2025-01-11 13:50:00,laptop,Singapore,password,True
S00255,U006,2025-01-14 09:08:00,2025-01-14 10:45:00,vpn,Singapore,password+token,True
S00256,U006,2025-01-15 06:55:00,2025-01-15 08:31:00,laptop,Singapore,password+token,True
S00257,U006,2025-01-16 09:04:00,2025-01-16 09:44:00,vpn,Singapore,password,True
S00258,U006,2025-01-17 10:37:00,2025-01-17 12:18:00,laptop,Singapore,password+token,False
S00259,U006,2025-01-18 08:16:00,2025-01-18 09:25:00,vpn,Singapore,password,False
S00260,U006,2025-01-18 10:56:00,2025-01-18 12:23:00,laptop,Singapore,password,True
S00261,U006,2025-01-20 09:44:00,2025-01-20 10:46:00,vpn,Singapore,password+token,False
S00262,U006,2025-01-31 08:30:00,2025-01-31 09:22:00,laptop,USA,password,True
S00263,U006,2025-02-02 09:30:00,2025-02-02 11:21:00,laptop,USA,password+token,False
S00264,U006,2025-02-04 09:39:00,2025-02-04 11:08:00,laptop,Singapore,password,True
S00265,U006,2025-02-06 06:29:00,2025-02-06 08:09:00,vpn,USA,password,True
S00266,U006,2025-02-08 09:21:00,2025-02-08 10:58:00,laptop,USA,password+token,True
S00267,U006,2025-02-08 12:35:00,2025-02-08 14:08:00,vpn,USA,password,False
S00268,U006,2025-02-09 08:53:00,2025-02-09 10:27:00,laptop,USA,password,True
S00269,U006,2025-02-09 12:18:00,2025-02-09 13:37:00,laptop,Singapore,password+token,False
S00270,U006,2025-02-11 09:06:00,2025-02-11 10:04:00,laptop,Singapore,password+token,True
S00271,U006,2025-02-12 08:31:00,2025-02-12 09:51:00,vpn,Singapore,password,True
S00272,U006,2025-02-13 06:38:00,2025-02-13 07:22:00,laptop,USA,password,False
S00273,U006,2025-02-13 08:20:00,2025-02-13 10:04:00,vpn,Singapore,password+token,True
S00274,U006,2025-02-14 05:19:00,2025-02-14 06:10:00,laptop,Singapore,password,True
S00275,U006,2025-02-14 07:46:00,2025-02-14 09:36:00,laptop,Singapore,password+token,False
S00276,U006,2025-02-15 08:58:00,2025-02-15 10:51:00,vpn,Singapore,password+token,True
S00277,U007,2025-01-01 09:58:00,2025-01-01 10:28:00,vpn,Singapore,password,True
S00278,U007,2025-01-04 07:14:00,2025-01-04 09:03:00,vpn,Singapore,password+token,True
S00279,U007,2025-01-05 11:16:00,2025-01-05 12:38:00,workstation,USA,password+token,True
S00280,U007,2025-01-06 09:43:00,2025-01-06 11:05:00,vpn,USA,password,False
S00281,U007,2025-01-06 11:37:00,2025-01-06 12:26:00,vpn,Singapore,password,False
S00282,U007,2025-01-07 10:06:00,2025-01-07 10:52:00,vpn,Singapore,password+token,False
S00283,U007,2025-01-07 12:45:00,2025-01-07 13:23:00,workstation,USA,password,True
S00284,U007,2025-01-08 07:01:00,2025-01-08 08:58:00,workstation,USA,password,True
S00285,U007,2025-01-10 10:17:00,2025-01-10 11:50:00,workstation,USA,password+token,True
S00286,U007,2025-01-19 12:19:00,2025-01-19 13:21:00,vpn,USA,password,True
S00287,U007,2025-01-19 14:22:00,2025-01-19 14:53:00,vpn,USA,password+token,True
S00288,U007,2025-01-21 08:51:00,2025-01-21 09:46:00,vpn,Singapore,password,True
S00289,U007,2025-01-22 09:14:00,2025-01-22 10:27:00,workstation,USA,password,True
S00290,U007,2025-01-25 07:08:00,2025-01-25 08:09:00,workstation,USA,password,True
S00291,U007,2025-01-25 09:54:00,2025-01-25 10:31:00,workstation,USA,password,False
S00292,U007,2025-01-29 09:57:00,2025-01-29 10:48:00,vpn,Singapore,password,True
S00293,U007,2025-01-31 10:13:00,2025-01-31 11:57:00,vpn,Singapore,password+token,False
S00294,U007,2025-01-31 12:38:00,2025-01-31 14:34:00,vpn,USA,password+token,False
S00295,U007,2025-02-01 07:54:00,2025-02-01 09:16:00,workstation,Singapore,password+token,False
S00296,U007,2025-02-02 08:05:00,2025-02-02 08:52:00,workstation,Singapore,password,False
S00297,U007,2025-02-02 09:58:00,2025-02-02 11:23:00,workstation,USA,password,False
S00298,U007,2025-02-04 08:14:00,2025-02-04 08:50:00,vpn,Singapore,password,True
S00299,U007,2025-02-08 06:27:00,2025-02-08 07:16:00,vpn,USA,password+token,True
S00300,U007,2025-02-08 08:35:00,2025-02-08 09:53:00,vpn,Singapore,password+token,True
S00301,U007,2025-02-09 08:01:00,2025-02-09 09:49:00,vpn,Singapore,password,False
S00302,U007,2025-02-09 10:24:00,2025-02-09 11:32:00,vpn,USA,password+token,True
S00303,U007,2025-02-10 11:11:00,2025-02-10 11:43:00,vpn,USA,password+token,False
S00304,U007,2025-02-10 12:52:00,2025-02-10 13:42:00,vpn,Singapore,password+token,False
S00305,U007,2025-02-11 11:41:00,2025-02-11 12:54:00,vpn,Singapore,password,True
S00306,U007,2025-02-11 13:25:00,2025-02-11 14:31:00,vpn,USA,password+token,False
S00307,U007,2025-02-12 06:53:00,2025-02-12 08:22:00,vpn,Singapore,password+token,True
S00308,U007,2025-02-12 09:05:00,2025-02-12 11:03:00,vpn,Singapore,password,False
S00309,U007,2025-02-13 09:01:00,2025-02-13 10:05:00,vpn,USA,password,False
S00310,U007,2025-02-14 08:11:00,2025-02-14 09:36:00,vpn,Singapore,password,True
S00311,U007,2025-02-14 10:28:00,2025-02-14 11:44:00,vpn,Singapore,password,True
S00312,U008,2025-01-01 07:29:00,2025-01-01 07:59:00,vpn,USA,password,True
S00313,U008,2025-01-01 08:36:00,2025-01-01 09:48:00,vpn,USA,password+token,False
S00314,U008,2025-01-02 10:19:00,2025-01-02 11:16:00,laptop,Germany,password,True
S00315,U008,2025-01-02 12:22:00,2025-01-02 13:38:00,vpn,USA,password+token,False
S00316,U008,2025-01-03 09:46:00,2025-01-03 11:34:00,vpn,USA,password+token,True
S00317,U008,2025-01-04 12:49:00,2025-01-04 14:36:00,laptop,USA,password,True
S00318,U008,2025-01-04 15:42:00,2025-01-04 16:31:00,laptop,Germany,password,True
S00319,U008,2025-01-06 09:48:00,2025-01-06 11:08:00,vpn,USA,password+token,True
S00320,U008,2025-01-07 10:49:00,2025-01-07 12:46:00,vpn,USA,password,False
S00321,U008,2025-01-08 11:30:00,2025-01-08 12:55:00,laptop,Germany,password+token,True
S00322,U008,2025-01-09 10:37:00,2025-01-09 12:30:00,laptop,USA,password+token,True
S00323,U008,2025-01-09 13:44:00,2025-01-09 15:05:00,laptop,Germany,password,False
S00324,U008,2025-01-10 09:54:00,2025-01-10 10:31:00,laptop,Germany,password+token,True
S00325,U008,2025-01-11 09:21:00,2025-01-11 10:37:00,vpn,Germany,password+token,False
S00326,U008,2025-01-15 10:48:00,2025-01-15 12:33:00,laptop,USA,password,True
S00327,U008,2025-01-22 10:27:00,2025-01-22 12:02:00,vpn,Germany,password,False
S00328,U008,2025-01-22 13:41:00,2025-01-22 15:13:00,laptop,USA,password,False
S00329,U008,2025-01-23 09:30:00,2025-01-23 11:14:00,vpn,Germany,password,False
S00330,U008,2025-01-23 11:47:00,2025-01-23 12:35:00,laptop,USA,password+token,False
S00331,U008,2025-01-26 10:00:00,2025-01-26 11:57:00,laptop,Germany,password+token,True
S00332,U008,2025-01-28 08:20:00,2025-01-28 09:08:00,vpn,USA,password+token,True
S00333,U008,2025-01-29 07:31:00,2025-01-29 08:35:00,laptop,Germany,password+token,True
S00334,U008,2025-01-30 10:01:00,2025-01-30 11:16:00,vpn,USA,password+token,True
S00335,U008,2025-01-31 08:47:00,2025-01-31 10:22:00,vpn,USA,password,True
S00336,U008,2025-01-31 11:17:00,2025-01-31 12:11:00,laptop,USA,password,True
S00337,U008,2025-02-01 09:42:00,2025-02-01 10:59:00,laptop,USA,password,True
S00338,U008,2025-02-04 07:22:00,2025-02-04 09:11:00,vpn,USA,password,False
S00339,U008,2025-02-06 08:12:00,2025-02-06 10:07:00,vpn,Germany,password,True
S00340,U008,2025-02-07 09:47:00,2025-02-07 11:08:00,laptop,Germany,password,False
S00341,U008,2025-02-07 12:06:00,2025-02-07 13:03:00,vpn,Germany,password,True
S00342,U008,2025-02-08 09:12:00,2025-02-08 09:45:00,vpn,Germany,password+token,False
S00343,U008,2025-02-08 11:29:00,2025-02-08 12:05:00,vpn,Germany,password+token,False
S00344,U008,2025-02-09 11:30:00,2025-02-09 13:10:00,vpn,Germany,password+token,True
S00345,U008,2025-02-11 09:06:00,2025-02-11 10:29:00,vpn,Germany,password,True
S00346,U008,2025-02-11 11:43:00,2025-02-11 12:59:00,vpn,Germany,password+token,False
S00347,U008,2025-02-15 10:14:00,2025-02-15 10:53:00,vpn,USA,password,True
S00348,U009,2025-01-01 08:25:00,2025-01-01 09:31:00,workstation,India,password,True
S00349,U009,2025-01-01 10:24:00,2025-01-01 11:12:00,workstation,Singapore,password+token,False
S00350,U009,2025-01-05 09:49:00,2025-01-05 11:27:00,laptop,Singapore,password,True
S00351,U009,2025-01-08 08:34:00,2025-01-08 10:14:00,laptop,Singapore,password+token,True
S00352,U009,2025-01-09 08:12:00,2025-01-09 09:38:00,laptop,India,password+token,True
S00353,U009,2025-01-09 10:09:00,2025-01-09 11:42:00,workstation,Singapore,password,True
S00354,U009,2025-01-11 10:10:00,2025-01-11 11:03:00,workstation,Singapore,password,True
S00355,U009,2025-01-11 11:51:00,2025-01-11 13:28:00,laptop,Singapore,password,False
S00356,U009,2025-01-12 08:44:00,2025-01-12 09:49:00,laptop,India,password+token,True
S00357,U009,2025-01-14 07:38:00,2025-01-14 09:15:00,workstation,Singapore,password+token,True
S00358,U009,2025-01-14 10:44:00,2025-01-14 11:15:00,workstation,Singapore,password,False
S00359,U009,2025-01-15 07:20:00,2025-01-15 07:57:00,laptop,India,password+token,False
S00360,U009,2025-01-15 09:16:00,2025-01-15 10:52:00,workstation,India,password+token,True
S00361,U009,2025-01-16 07:34:00,2025-01-16 09:30:00,workstation,Singapore,password+token,True
S00362,U009,2025-01-17 07:57:00,2025-01-17 09:02:00,workstation,India,password+token,False
S00363,U009,2025-01-17 10:02:00,2025-01-17 11:18:00,workstation,Singapore,password+token,True
S00364,U009,2025-01-18 10:11:00,2025-01-18 10:57:00,workstation,India,password+token,True
S00365,U009,2025-01-18 11:34:00,2025-01-18 13:27:00,laptop,India,password,True
S00366,U009,2025-01-19 08:27:00,2025-01-19 09:01:00,laptop,Singapore,password,False
S00367,U009,2025-01-21 11:17:00,2025-01-21 12:58:00,workstation,India,password,False
S00368,U009,2025-01-21 14:00:00,2025-01-21 14:45:00,workstation,India,password+token,True
S00369,U009,2025-01-22 09:13:00,2025-01-22 10:18:00,workstation,Singapore,password,True
S00370,U009,2025-01-23 07:56:00,2025-01-23 09:38:00,workstation,Singapore,password+token,True
S00371,U009,2025-01-23 11:14:00,2025-01-23 12:35:00,laptop,India,password,True
S00372,U009,2025-01-26 07:42:00,2025-01-26 08:26:00,workstation,India,password,False
S00373,U009,2025-01-26 09:07:00,2025-01-26 10:25:00,workstation,Singapore,password,True
S00374,U009,2025-01-28 10:02:00,2025-01-28 11:51:00,workstation,India,password+token,True
S00375,U009,2025-01-28 12:34:00,2025-01-28 14:16:00,laptop,Singapore,password,True
S00376,U009,2025-01-29 09:01:00,2025-01-29 10:05:00,laptop,Singapore,password+token,True
S00377,U009,2025-02-02 09:00:00,2025-02-02 10:49:00,workstation,Singapore,password,False
S00378,U009,2025-02-02 12:10:00,2025-02-02 12:42:00,laptop,India,password+token,False
S00379,U009,2025-02-05 07:33:00,2025-02-05 09:10:00,laptop,India,password,True
S00380,U009,2025-02-07 09:30:00,2025-02-07 11:17:00,laptop,India,password+token,False
S00381,U009,2025-02-07 12:46:00,2025-02-07 14:18:00,workstation,Singapore,password+token,False
S00382,U009,2025-02-08 08:01:00,2025-02-08 09:30:00,laptop,Singapore,password+token,True
S00383,U009,2025-02-08 10:30:00,2025-02-08 11:04:00,workstation,India,password,False
S00384,U009,2025-02-09 10:30:00,2025-02-09 11:55:00,laptop,India,password,True
S00385,U009,2025-02-09 13:51:00,2025-02-09 15:43:00,laptop,Singapore,password+token,True
S00386,U009,2025-02-10 08:45:00,2025-02-10 09:21:00,workstation,Singapore,password+token,False
S00387,U009,2025-02-10 09:54:00,2025-02-10 10:27:00,workstation,Singapore,password,False
S00388,U009,2025-02-13 09:49:00,2025-02-13 11:21:00,laptop,Singapore,password+token,False
S00389,U009,2025-02-13 12:53:00,2025-02-13 14:24:00,laptop,Singapore,password+token,False
S00390,U009,2025-02-14 09:27:00,2025-02-14 11:22:00,workstation,India,password,False
S00391,U010,2025-01-02 09:37:00,2025-01-02 11:25:00,laptop,India,password,True
S00392,U010,2025-01-02 13:21:00,2025-01-02 14:48:00,laptop,Singapore,password+token,True
S00393,U010,2025-01-04 08:49:00,2025-01-04 10:43:00,workstation,India,password+token,True
S00394,U010,2025-01-04 11:57:00,2025-01-04 12:58:00,laptop,India,password,True
S00395,U010,2025-01-05 09:54:00,2025-01-05 10:49:00,laptop,India,password+token,True
S00396,U010,2025-01-05 11:52:00,2025-01-05 13:13:00,workstation,Singapore,password,True
S00397,U010,2025-01-10 12:12:00,2025-01-10 13:45:00,laptop,India,password+token,False
S00398,U010,2025-01-10 14:23:00,2025-01-10 15:33:00,workstation,Singapore,password+token,False
S00399,U010,2025-01-11 10:59:00,2025-01-11 11:49:00,laptop,Singapore,password+token,False
S00400,U010,2025-01-12 09:58:00,2025-01-12 11:53:00,workstation,Singapore,password,False
S00401,U010,2025-01-12 13:41:00,2025-01-12 14:27:00,laptop,India,password+token,True
S00402,U010,2025-01-13 09:07:00,2025-01-13 11:03:00,laptop,India,password+token,False
S00403,U010,2025-01-14 09:34:00,2025-01-14 10:27:00,workstation,India,password+token,True
S00404,U010,2025-01-14 11:16:00,2025-01-14 12:06:00,laptop,India,password+token,True
S00405,U010,2025-01-15 11:06:00,2025-01-15 12:03:00,laptop,Singapore,password,True
S00406,U010,2025-01-15 13:30:00,2025-01-15 14:04:00,laptop,India,password,True
S00407,U010,2025-01-17 09:37:00,2025-01-17 11:27:00,workstation,India,password+token,True
S00408,U010,2025-01-17 12:21:00,2025-01-17 14:03:00,laptop,India,password,True
S00409,U010,2025-01-18 09:40:00,2025-01-18 10:50:00,workstation,India,password+token,False
S00410,U010,2025-01-19 09:49:00,2025-01-19 10:28:00,workstation,India,password,False
S00411,U010,2025-01-20 09:31:00,2025-01-20 10:16:00,workstation,India,password+token,False
S00412,U010,2025-01-20 10:56:00,2025-01-20 11:35:00,laptop,Singapore,password+token,True
S00413,U010,2025-01-22 08:39:00,2025-01-22 10:07:00,laptop,India,password+token,True
S00414,U010,2025-01-23 09:45:00,2025-01-23 10:35:00,workstation,Singapore,password+token,True
S00415,U010,2025-01-23 11:36:00,2025-01-23 12:44:00,laptop,Singapore,password,False
S00416,U010,2025-01-25 09:20:00,2025-01-25 09:57:00,laptop,India,password+token,False
S00417,U010,2025-01-26 08:21:00,2025-01-26 09:12:00,laptop,Singapore,password,False
S00418,U010,2025-01-28 10:01:00,2025-01-28 10:59:00,workstation,Singapore,password+token,False
S00419,U010,2025-01-28 12:20:00,2025-01-28 13:16:00,workstation,India,password+token,False
S00420,U010,2025-01-29 10:42:00,2025-01-29 11:48:00,laptop,India,password+token,True
S00421,U010,2025-01-30 10:53:00,2025-01-30 11:41:00,workstation,Singapore,password+token,True
S00422,U010,2025-01-31 11:46:00,2025-01-31 12:23:00,workstation,India,password+token,True
S00423,U010,2025-01-31 13:08:00,2025-01-31 14:49:00,workstation,Singapore,password,True
S00424,U010,2025-02-03 10:41:00,2025-02-03 12:39:00,workstation,India,password,True
S00425,U010,2025-02-03 13:54:00,2025-02-03 14:50:00,laptop,Singapore,password,False
S00426,U010,2025-02-04 09:25:00,2025-02-04 10:52:00,laptop,Singapore,password+token,True
S00427,U010,2025-02-06 10:52:00,2025-02-06 11:41:00,laptop,Singapore,password+token,True
S00428,U010,2025-02-06 13:20:00,2025-02-06 14:45:00,workstation,Singapore,password,True
S00429,U010,2025-02-07 11:23:00,2025-02-07 12:18:00,laptop,India,password+token,True
S00430,U010,2025-02-08 09:38:00,2025-02-08 10:28:00,laptop,Singapore,password,True
S00431,U010,2025-02-08 11:43:00,2025-02-08 12:16:00,laptop,India,password,True
S00432,U010,2025-02-09 09:13:00,2025-02-09 09:45:00,laptop,Singapore,password+token,True
S00433,U010,2025-02-10 12:51:00,2025-02-10 13:24:00,workstation,India,password+token,True
S00434,U010,2025-02-11 09:59:00,2025-02-11 10:47:00,laptop,Singapore,password,True
S00435,U010,2025-02-11 12:39:00,2025-02-11 13:30:00,workstation,Singapore,password+token,False
S00436,U010,2025-02-14 10:18:00,2025-02-14 11:35:00,workstation,Singapore,password+token,True
S00437,U010,2025-02-14 12:59:00,2025-02-14 14:23:00,workstation,India,password+token,True
S00438,U010,2025-02-15 11:10:00,2025-02-15 12:36:00,laptop,India,password,False
S00439,U011,2025-01-02 10:19:00,2025-01-02 11:35:00,laptop,India,password+token,True
S00440,U011,2025-01-02 13:14:00,2025-01-02 14:30:00,laptop,USA,password,False
S00441,U011,2025-01-03 10:02:00,2025-01-03 11:48:00,laptop,India,password,False
S00442,U011,2025-01-04 10:44:00,2025-01-04 12:23:00,vpn,India,password+token,True
S00443,U011,2025-01-04 13:43:00,2025-01-04 14:31:00,vpn,India,password+token,True
S00444,U011,2025-01-05 09:19:00,2025-01-05 10:37:00,vpn,USA,password,True
S00445,U011,2025-01-09 07:49:00,2025-01-09 08:53:00,laptop,USA,password+token,True
S00446,U011,2025-01-12 09:19:00,2025-01-12 10:12:00,laptop,USA,password+token,True
S00447,U011,2025-01-12 12:06:00,2025-01-12 13:05:00,vpn,USA,password+token,True
S00448,U011,2025-01-13 08:27:00,2025-01-13 09:03:00,vpn,India,password,True
S00449,U011,2025-01-13 09:46:00,2025-01-13 10:25:00,laptop,USA,password,True
S00450,U011,2025-01-15 09:35:00,2025-01-15 11:00:00,vpn,USA,password,True
S00451,U011,2025-01-17 09:03:00,2025-01-17 10:22:00,laptop,USA,password,True
S00452,U011,2025-01-18 10:10:00,2025-01-18 10:59:00,laptop,USA,password+token,True
S00453,U011,2025-01-20 09:43:00,2025-01-20 10:26:00,laptop,USA,password,False
S00454,U011,2025-01-20 11:53:00,2025-01-20 12:43:00,laptop,USA,password+token,True
S00455,U011,2025-01-22 08:20:00,2025-01-22 09:01:00,laptop,USA,password,True
S00456,U011,2025-01-22 10:11:00,2025-01-22 11:13:00,vpn,USA,password,True
S00457,U011,2025-01-23 08:56:00,2025-01-23 10:36:00,vpn,India,password+token,False
S00458,U011,2025-01-23 11:38:00,2025-01-23 13:28:00,laptop,India,password+token,False
S00459,U011,2025-01-24 09:21:00,2025-01-24 10:39:00,laptop,USA,password,True
S00460,U011,2025-01-24 12:18:00,2025-01-24 13:57:00,laptop,India,password+token,False
S00461,U011,2025-01-25 10:01:00,2025-01-25 10:52:00,vpn,India,password+token,False
S00462,U011,2025-01-27 11:11:00,2025-01-27 13:08:00,vpn,India,password,False
S00463,U011,2025-01-27 14:15:00,2025-01-27 15:44:00,laptop,USA,password,True
S00464,U011,2025-01-30 09:06:00,2025-01-30 09:56:00,laptop,USA,password,True
S00465,U011,2025-01-30 11:33:00,2025-01-30 13:28:00,vpn,India,password+token,True
S00466,U011,2025-01-31 09:57:00,2025-01-31 10:54:00,laptop,India,password,False
S00467,U011,2025-02-01 08:55:00,2025-02-01 09:27:00,vpn,USA,password,False
S00468,U011,2025-02-02 09:22:00,2025-02-02 11:20:00,laptop,USA,password,True
S00469,U011,2025-02-02 12:32:00,2025-02-02 13:20:00,laptop,India,password+token,True
S00470,U011,2025-02-03 11:09:00,2025-02-03 11:46:00,vpn,India,password+token,True
S00471,U011,2025-02-03 12:56:00,2025-02-03 14:01:00,laptop,USA,password,True
S00472,U011,2025-02-04 10:39:00,2025-02-04 12:30:00,laptop,USA,password,True
S00473,U011,2025-02-07 09:44:00,2025-02-07 10:16:00,laptop,USA,password+token,False
S00474,U011,2025-02-08 09:07:00,2025-02-08 10:08:00,laptop,USA,password+token,False
S00475,U011,2025-02-08 10:41:00,2025-02-08 12:20:00,vpn,India,password+token,False
S00476,U011,2025-02-10 09:45:00,2025-02-10 10:30:00,laptop,USA,password,False
S00477,U011,2025-02-11 11:03:00,2025-02-11 12:00:00,laptop,USA,password,False
S00478,U011,2025-02-12 11:26:00,2025-02-12 13:04:00,laptop,USA,password+token,True
S00479,U011,2025-02-13 09:04:00,2025-02-13 10:34:00,laptop,USA,password+token,True
S00480,U011,2025-02-14 10:49:00,2025-02-14 11:24:00,laptop,India,password,False
S00481,U011,2025-02-14 12:37:00,2025-02-14 13:17:00,vpn,India,password+token,False
S00482,U012,2025-01-01 10:27:00,2025-01-01 11:56:00,vpn,India,password+token,True
S00483,U012,2025-01-01 12:46:00,2025-01-01 14:13:00,vpn,India,password,False
S00484,U012,2025-01-02 08:34:00,2025-01-02 10:25:00,laptop,India,password+token,False
S00485,U012,2025-01-04 10:21:00,2025-01-04 11:37:00,laptop,India,password+token,False
S00486,U012,2025-01-05 10:26:00,2025-01-05 12:00:00,laptop,India,password+token,True
S00487,U012,2025-01-07 08:38:00,2025-01-07 10:47:00,vpn,India,password+token,False
S00488,U012,2025-01-08 09:54:00,2025-01-08 12:20:00,vpn,USA,password+token,True
S00489,U012,2025-01-08 13:56:00,2025-01-08 14:59:00,vpn,India,password+token,False
S00490,U012,2025-01-09 09:13:00,2025-01-09 11:52:00,laptop,India,password,False
S00491,U012,2025-01-13 07:05:00,2025-01-13 09:35:00,vpn,USA,password+token,True
S00492,U012,2025-01-14 07:52:00,2025-01-14 10:03:00,vpn,USA,password,True
S00493,U012,2025-01-14 10:51:00,2025-01-14 12:20:00,vpn,India,password+token,False
S00494,U012,2025-01-15 08:24:00,2025-01-15 10:03:00,vpn,India,password,False
S00495,U012,2025-01-17 09:27:00,2025-01-17 11:50:00,vpn,India,password+token,False
S00496,U012,2025-01-17 13:37:00,2025-01-17 15:39:00,laptop,India,password+token,True
S00497,U012,2025-01-19 09:46:00,2025-01-19 12:41:00,vpn,USA,password,True
S00498,U012,2025-01-21 07:13:00,2025-01-21 09:27:00,vpn,India,password,True
S00499,U012,2025-01-21 10:55:00,2025-01-21 13:12:00,laptop,USA,password+token,False
S00500,U012,2025-01-22 09:27:00,2025-01-22 10:34:00,laptop,USA,password,False
S00501,U012,2025-01-22 12:29:00,2025-01-22 14:09:00,laptop,India,password+token,False
S00502,U012,2025-01-24 09:04:00,2025-01-24 10:51:00,vpn,USA,password,False
S00503,U012,2025-01-24 12:27:00,2025-01-24 14:10:00,vpn,India,password+token,True
S00504,U012,2025-01-25 09:08:00,2025-01-25 11:15:00,vpn,USA,password,False
S00505,U012,2025-01-26 09:46:00,2025-01-26 11:25:00,vpn,India,password+token,True
S00506,U012,2025-01-26 13:10:00,2025-01-26 14:55:00,vpn,USA,password,False
S00507,U012,2025-01-29 11:20:00,2025-01-29 13:10:00,laptop,USA,password+token,True
S00508,U012,2025-01-29 14:08:00,2025-01-29 15:58:00,vpn,USA,password+token,True
S00509,U012,2025-01-30 09:02:00,2025-01-30 11:27:00,vpn,India,password,True
S00510,U012,2025-01-30 13:24:00,2025-01-30 14:57:00,vpn,India,password,True
S00511,U012,2025-02-01 08:05:00,2025-02-01 10:30:00,laptop,USA,password,True
S00512,U012,2025-02-01 11:16:00,2025-02-01 13:16:00,vpn,USA,password+token,True
S00513,U012,2025-02-02 08:56:00,2025-02-02 11:28:00,laptop,India,password+token,True
S00514,U012,2025-02-02 12:37:00,2025-02-02 13:50:00,laptop,India,password+token,False
S00515,U012,2025-02-03 07:48:00,2025-02-03 09:00:00,laptop,USA,password+token,True
S00516,U012,2025-02-03 10:18:00,2025-02-03 12:03:00,laptop,USA,password,True
S00517,U012,2025-02-06 09:41:00,2025-02-06 12:27:00,laptop,USA,password+token,True
S00518,U012,2025-02-07 10:36:00,2025-02-07 12:24:00,laptop,India,password+token,False
S00519,U012,2025-02-07 14:21:00,2025-02-07 15:41:00,vpn,USA,password,True
S00520,U012,2025-02-08 08:45:00,2025-02-08 10:29:00,laptop,India,password+token,True
S00521,U012,2025-02-09 08:07:00,2025-02-09 10:18:00,vpn,India,password+token,False
S00522,U012,2025-02-09 10:59:00,2025-02-09 12:59:00,laptop,USA,password+token,True
S00523,U012,2025-02-13 08:03:00,2025-02-13 10:36:00,laptop,India,password+token,False
S00524,U012,2025-02-15 09:27:00,2025-02-15 11:06:00,vpn,USA,password,False
S00525,U013,2025-01-01 10:01:00,2025-01-01 11:33:00,laptop,Singapore,password,False
S00526,U013,2025-01-01 13:16:00,2025-01-01 14:51:00,laptop,Singapore,password,False
S00527,U013,2025-01-02 08:17:00,2025-01-02 09:37:00,workstation,Singapore,password,False
S00528,U013,2025-01-02 10:45:00,2025-01-02 11:42:00,workstation,India,password+token,True
S00529,U013,2025-01-05 07:16:00,2025-01-05 08:26:00,laptop,Singapore,password,True
S00530,U013,2025-01-06 09:54:00,2025-01-06 11:08:00,laptop,India,password,True
S00531,U013,2025-01-09 09:27:00,2025-01-09 10:17:00,workstation,India,password,False
S00532,U013,2025-01-10 10:44:00,2025-01-10 12:26:00,laptop,India,password+token,True
S00533,U013,2025-01-12 08:43:00,2025-01-12 10:31:00,laptop,Singapore,password,False
S00534,U013,2025-01-12 11:23:00,2025-01-12 13:07:00,workstation,Singapore,password+token,True
S00535,U013,2025-01-13 06:53:00,2025-01-13 07:55:00,workstation,India,password+token,True
S00536,U013,2025-01-14 07:55:00,2025-01-14 09:29:00,workstation,Singapore,password,True
S00537,U013,2025-01-14 10:18:00,2025-01-14 11:06:00,laptop,India,password+token,True
S00538,U013,2025-01-17 08:26:00,2025-01-17 09:06:00,workstation,Singapore,password+token,True
S00539,U013,2025-01-20 10:30:00,2025-01-20 11:03:00,laptop,Singapore,password,True
S00540,U013,2025-01-20 12:22:00,2025-01-20 14:00:00,workstation,Singapore,password+token,True
S00541,U013,2025-01-22 11:03:00,2025-01-22 11:58:00,workstation,India,password+token,True
S00542,U013,2025-01-23 07:05:00,2025-01-23 08:33:00,laptop,Singapore,password,True
S00543,U013,2025-01-23 09:32:00,2025-01-23 10:43:00,workstation,India,password+token,False
S00544,U013,2025-01-24 07:59:00,2025-01-24 09:03:00,workstation,India,password,False
S00545,U013,2025-01-24 10:40:00,2025-01-24 11:27:00,laptop,India,password+token,False
S00546,U013,2025-01-26 08:12:00,2025-01-26 09:15:00,workstation,Singapore,password,True
S00547,U013,2025-01-27 09:50:00,2025-01-27 10:22:00,laptop,Singapore,password+token,True
S00548,U013,2025-01-28 09:43:00,2025-01-28 10:33:00,laptop,India,password+token,False
S00549,U013,2025-01-29 07:00:00,2025-01-29 08:32:00,workstation,Singapore,password+token,True
S00550,U013,2025-01-30 08:16:00,2025-01-30 10:07:00,workstation,India,password,False
S00551,U013,2025-01-31 09:18:00,2025-01-31 10:24:00,workstation,Singapore,password,False
S00552,U013,2025-01-31 11:01:00,2025-01-31 11:58:00,laptop,Singapore,password,False
S00553,U013,2025-02-03 09:44:00,2025-02-03 11:00:00,laptop,Singapore,password+token,False
S00554,U013,2025-02-04 09:38:00,2025-02-04 10:12:00,workstation,Singapore,password,False
S00555,U013,2025-02-05 09:43:00,2025-02-05 11:04:00,laptop,Singapore,password,False
S00556,U013,2025-02-05 12:28:00,2025-02-05 14:12:00,workstation,Singapore,password+token,True
S00557,U013,2025-02-07 09:56:00,2025-02-07 11:46:00,workstation,India,password+token,False
S00558,U013,2025-02-09 10:06:00,2025-02-09 11:10:00,laptop,India,password+token,True
S00559,U013,2025-02-10 10:44:00,2025-02-10 12:34:00,workstation,India,password+token,False
S00560,U013,2025-02-10 14:15:00,2025-02-10 15:03:00,workstation,Singapore,password,True
S00561,U013,2025-02-11 11:30:00,2025-02-11 13:19:00,laptop,India,password+token,False
S00562,U013,2025-02-13 09:53:00,2025-02-13 10:32:00,workstation,Singapore,password+token,True
S00563,U013,2025-02-14 08:34:00,2025-02-14 09:59:00,laptop,India,password+token,True
S00564,U013,2025-02-14 11:15:00,2025-02-14 12:19:00,laptop,India,password,False
S00565,U014,2025-01-02 10:02:00,2025-01-02 11:36:00,workstation,Singapore,password,True
S00566,U014,2025-01-04 09:08:00,2025-01-04 09:38:00,workstation,Germany,password,False
S00567,U014,2025-01-06 09:33:00,2025-01-06 10:48:00,workstation,Germany,password+token,True
S00568,U014,2025-01-08 08:59:00,2025-01-08 10:45:00,workstation,Germany,password+token,False
S00569,U014,2025-01-09 08:18:00,2025-01-09 09:03:00,laptop,Germany,password+token,False
S00570,U014,2025-01-10 09:59:00,2025-01-10 11:34:00,laptop,Germany,password+token,True
S00571,U014,2025-01-10 12:16:00,2025-01-10 13:41:00,laptop,Germany,password+token,True
S00572,U014,2025-01-11 09:02:00,2025-01-11 09:39:00,laptop,Singapore,password+token,True
S00573,U014,2025-01-12 08:52:00,2025-01-12 10:00:00,laptop,Germany,password,True
S00574,U014,2025-01-16 09:24:00,2025-01-16 11:19:00,laptop,Singapore,password,True
S00575,U014,2025-01-19 08:31:00,2025-01-19 09:14:00,laptop,Singapore,password+token,True
S00576,U014,2025-01-19 10:36:00,2025-01-19 11:29:00,workstation,Germany,password,True
S00577,U014,2025-01-20 09:12:00,2025-01-20 10:40:00,workstation,Singapore,password+token,False
S00578,U014,2025-01-20 12:31:00,2025-01-20 13:12:00,workstation,Singapore,password,True
S00579,U014,2025-01-21 09:40:00,2025-01-21 11:25:00,laptop,Germany,password+token,True
S00580,U014,2025-01-21 12:51:00,2025-01-21 13:46:00,workstation,Germany,password,False
S00581,U014,2025-01-22 09:22:00,2025-01-22 11:19:00,workstation,Germany,password+token,False
S00582,U014,2025-01-23 09:33:00,2025-01-23 10:46:00,workstation,Germany,password,True
S00583,U014,2025-01-26 07:47:00,2025-01-26 09:12:00,laptop,Germany,password+token,False
S00584,U014,2025-01-26 10:18:00,2025-01-26 11:04:00,laptop,Germany,password+token,False
S00585,U014,2025-01-27 08:20:00,2025-01-27 09:10:00,laptop,Germany,password+token,False
S00586,U014,2025-01-28 09:43:00,2025-01-28 10:23:00,workstation,Germany,password+token,False
S00587,U014,2025-01-28 11:39:00,2025-01-28 12:33:00,workstation,Singapore,password+token,True
S00588,U014,2025-01-29 08:38:00,2025-01-29 09:35:00,workstation,Germany,password,False
S00589,U014,2025-01-30 08:17:00,2025-01-30 10:04:00,workstation,Singapore,password+token,False
S00590,U014,2025-01-30 11:44:00,2025-01-30 12:26:00,laptop,Germany,password+token,True
S00591,U014,2025-02-02 09:21:00,2025-02-02 11:17:00,workstation,Germany,password,False
S00592,U014,2025-02-03 09:07:00,2025-02-03 09:43:00,laptop,Germany,password+token,True
S00593,U014,2025-02-03 10:15:00,2025-02-03 11:12:00,laptop,Singapore,password,False
S00594,U014,2025-02-04 08:35:00,2025-02-04 09:25:00,laptop,Singapore,password,True
S00595,U014,2025-02-04 10:07:00,2025-02-04 11:33:00,laptop,Singapore,password,False
S00596,U014,2025-02-06 09:52:00,2025-02-06 11:35:00,workstation,Germany,password+token,True
S00597,U014,2025-02-07 09:13:00,2025-02-07 09:52:00,laptop,Singapore,password,True
S00598,U014,2025-02-07 10:24:00,2025-02-07 11:10:00,laptop,Germany,password+token,False
S00599,U014,2025-02-08 09:42:00,2025-02-08 10:36:00,workstation,Singapore,password+token,False
S00600,U014,2025-02-09 08:15:00,2025-02-09 09:31:00,workstation,Germany,password,True
S00601,U014,2025-02-09 10:58:00,2025-02-09 12:43:00,laptop,Singapore,password,True
S00602,U014,2025-02-10 10:46:00,2025-02-10 11:49:00,laptop,Germany,password,True
S00603,U014,2025-02-11 09:57:00,2025-02-11 10:33:00,laptop,Germany,password+token,True
S00604,U014,2025-02-11 11:14:00,2025-02-11 11:59:00,laptop,Germany,password,True
S00605,U014,2025-02-13 08:46:00,2025-02-13 10:06:00,laptop,Germany,password,True
S00606,U014,2025-02-13 11:50:00,2025-02-13 12:27:00,workstation,Germany,password+token,False
S00607,U014,2025-02-15 09:33:00,2025-02-15 10:30:00,workstation,Singapore,password+token,True
S00608,U014,2025-02-15 12:26:00,2025-02-15 13:39:00,workstation,Singapore,password,True
S00609,U015,2025-01-05 09:31:00,2025-01-05 10:28:00,laptop,Singapore,password,False
S00610,U015,2025-01-06 08:25:00,2025-01-06 09:19:00,laptop,Germany,password,False
S00611,U015,2025-01-06 10:33:00,2025-01-06 12:25:00,workstation,Germany,password+token,True
S00612,U015,2025-01-09 08:10:00,2025-01-09 09:44:00,laptop,Singapore,password+token,True
S00613,U015,2025-01-09 11:05:00,2025-01-09 13:02:00,workstation,Singapore,password,False
S00614,U015,2025-01-10 08:48:00,2025-01-10 09:22:00,laptop,Germany,password,True
S00615,U015,2025-01-11 09:53:00,2025-01-11 10:55:00,workstation,Germany,password+token,False
S00616,U015,2025-01-11 11:51:00,2025-01-11 12:35:00,workstation,Germany,password+token,True
S00617,U015,2025-01-17 08:29:00,2025-01-17 09:04:00,laptop,Germany,password,True
S00618,U015,2025-01-17 10:17:00,2025-01-17 11:19:00,laptop,Germany,password,True
S00619,U015,2025-01-19 08:27:00,2025-01-19 10:06:00,workstation,Singapore,password+token,True
S00620,U015,2025-01-21 07:24:00,2025-01-21 08:11:00,laptop,Singapore,password+token,True
S00621,U015,2025-01-21 09:35:00,2025-01-21 11:26:00,laptop,Singapore,password+token,False
S00622,U015,2025-01-22 09:28:00,2025-01-22 10:56:00,laptop,Singapore,password,True
S00623,U015,2025-01-24 08:31:00,2025-01-24 10:05:00,workstation,Germany,password,True
S00624,U015,2025-01-24 11:55:00,2025-01-24 13:23:00,laptop,Germany,password+token,False
S00625,U015,2025-01-30 07:41:00,2025-01-30 08:53:00,laptop,Singapore,password,True
S00626,U015,2025-01-30 10:04:00,2025-01-30 11:39:00,workstation,Germany,password+token,True
S00627,U015,2025-02-01 08:12:00,2025-02-01 09:26:00,workstation,Singapore,password,True
S00628,U015,2025-02-02 08:54:00,2025-02-02 09:50:00,workstation,Singapore,password,False
S00629,U015,2025-02-02 10:20:00,2025-02-02 11:21:00,laptop,Germany,password,True
S00630,U015,2025-02-03 10:34:00,2025-02-03 12:33:00,workstation,Germany,password,True
S00631,U015,2025-02-05 08:52:00,2025-02-05 10:43:00,laptop,Singapore,password+token,False
S00632,U015,2025-02-05 11:13:00,2025-02-05 12:40:00,workstation,Germany,password+token,False
S00633,U015,2025-02-07 08:28:00,2025-02-07 10:05:00,workstation,Germany,password+token,True
S00634,U015,2025-02-08 09:20:00,2025-02-08 11:05:00,workstation,Germany,password+token,False
S00635,U015,2025-02-09 09:25:00,2025-02-09 10:34:00,workstation,Singapore,password,True
S00636,U015,2025-02-09 12:21:00,2025-02-09 12:54:00,workstation,Germany,password+token,False
S00637,U015,2025-02-11 08:28:00,2025-02-11 09:05:00,workstation,Singapore,password,True
S00638,U015,2025-02-12 09:26:00,2025-02-12 11:03:00,laptop,Singapore,password+token,True
S00639,U015,2025-02-14 08:23:00,2025-02-14 09:19:00,laptop,Singapore,password,False
S00640,U015,2025-02-15 08:03:00,2025-02-15 09:39:00,laptop,Germany,password+token,True
S00641,U015,2025-02-15 10:57:00,2025-02-15 12:53:00,laptop,Germany,password+token,True
S00642,U016,2025-01-01 09:04:00,2025-01-01 11:38:00,laptop,India,password,True
S00643,U016,2025-01-03 08:56:00,2025-01-03 10:05:00,laptop,Germany,password,True
S00644,U016,2025-01-04 08:19:00,2025-01-04 09:21:00,vpn,India,password+token,False
S00645,U016,2025-01-05 09:04:00,2025-01-05 10:16:00,vpn,Germany,password,True
S00646,U016,2025-01-05 11:35:00,2025-01-05 13:04:00,vpn,India,password,True
S00647,U016,2025-01-08 09:47:00,2025-01-08 11:33:00,vpn,Germany,password,False
S00648,U016,2025-01-08 12:41:00,2025-01-08 13:56:00,laptop,India,password,False
S00649,U016,2025-01-09 08:54:00,2025-01-09 10:24:00,laptop,Germany,password,False
S00650,U016,2025-01-10 08:08:00,2025-01-10 10:28:00,laptop,Germany,password+token,False
S00651,U016,2025-01-10 11:07:00,2025-01-10 13:32:00,laptop,Germany,password,True
S00652,U016,2025-01-12 09:48:00,2025-01-12 11:52:00,vpn,India,password,False
S00653,U016,2025-01-13 08:40:00,2025-01-13 11:07:00,laptop,Germany,password,True
S00654,U016,2025-01-14 09:22:00,2025-01-14 11:00:00,vpn,Germany,password+token,False
S00655,U016,2025-01-15 08:58:00,2025-01-15 10:38:00,vpn,Germany,password+token,True
S00656,U016,2025-01-15 11:20:00,2025-01-15 13:29:00,laptop,Germany,password+token,True
S00657,U016,2025-01-20 07:25:00,2025-01-20 08:39:00,vpn,India,password,True
S00658,U016,2025-01-21 09:17:00,2025-01-21 12:09:00,laptop,India,password+token,True
S00659,U016,2025-01-21 13:13:00,2025-01-21 15:56:00,laptop,India,password+token,False
S00660,U016,2025-01-24 09:56:00,2025-01-24 12:32:00,vpn,India,password+token,False
S00661,U016,2025-01-24 14:24:00,2025-01-24 17:20:00,laptop,India,password+token,True
S00662,U016,2025-01-27 09:34:00,2025-01-27 10:52:00,laptop,India,password,True
S00663,U016,2025-01-27 12:04:00,2025-01-27 14:17:00,laptop,India,password,False
S00664,U016,2025-01-30 09:06:00,2025-01-30 11:23:00,vpn,Germany,password+token,False
S00665,U016,2025-01-30 12:59:00,2025-01-30 15:52:00,vpn,Germany,password+token,False
S00666,U016,2025-02-01 09:07:00,2025-02-01 11:43:00,laptop,India,password,True
S00667,U016,2025-02-01 13:05:00,2025-02-01 15:19:00,vpn,Germany,password+token,True
S00668,U016,2025-02-02 09:13:00,2025-02-02 11:21:00,vpn,Germany,password,True
S00669,U016,2025-02-02 12:49:00,2025-02-02 14:21:00,laptop,India,password+token,True
S00670,U016,2025-02-03 08:21:00,2025-02-03 10:29:00,laptop,Germany,password,True
S00671,U016,2025-02-04 09:53:00,2025-02-04 10:59:00,laptop,India,password,False
S00672,U016,2025-02-05 09:53:00,2025-02-05 12:25:00,vpn,India,password,True
S00673,U016,2025-02-06 08:09:00,2025-02-06 09:25:00,laptop,Germany,password,True
S00674,U016,2025-02-06 10:52:00,2025-02-06 13:00:00,vpn,Germany,password,False
S00675,U016,2025-02-07 08:25:00,2025-02-07 10:48:00,vpn,Germany,password+token,True
S00676,U016,2025-02-07 12:06:00,2025-02-07 14:21:00,vpn,India,password+token,True
S00677,U016,2025-02-09 08:09:00,2025-02-09 09:46:00,vpn,India,password+token,False
S00678,U016,2025-02-11 08:46:00,2025-02-11 11:27:00,vpn,India,password+token,True
S00679,U016,2025-02-12 10:46:00,2025-02-12 12:51:00,laptop,India,password+token,True
S00680,U016,2025-02-12 13:54:00,2025-02-12 15:15:00,laptop,India,password+token,False
S00681,U016,2025-02-13 09:08:00,2025-02-13 11:44:00,vpn,Germany,password,False
S00682,U016,2025-02-13 13:23:00,2025-02-13 16:07:00,laptop,Germany,password+token,True
S00683,U016,2025-02-14 08:21:00,2025-02-14 11:00:00,vpn,India,password,False
S00684,U016,2025-02-14 11:54:00,2025-02-14 14:42:00,laptop,India,password,True
S00685,U016,2025-02-15 09:06:00,2025-02-15 10:54:00,vpn,Germany,password+token,True
S00686,U016,2025-02-15 12:46:00,2025-02-15 13:46:00,vpn,India,password+token,True
S00687,U017,2025-01-04 07:58:00,2025-01-04 10:22:00,workstation,Singapore,password,False
S00688,U017,2025-01-04 11:19:00,2025-01-04 14:09:00,workstation,Singapore,password,True
S00689,U017,2025-01-05 07:26:00,2025-01-05 08:51:00,vpn,Singapore,password,False
S00690,U017,2025-01-06 06:19:00,2025-01-06 09:07:00,vpn,India,password,True
S00691,U017,2025-01-07 08:46:00,2025-01-07 11:21:00,vpn,Singapore,password,False
S00692,U017,2025-01-08 07:47:00,2025-01-08 09:20:00,vpn,Singapore,password+token,True
S00693,U017,2025-01-09 07:57:00,2025-01-09 09:29:00,workstation,Singapore,password+token,False
S00694,U017,2025-01-10 08:18:00,2025-01-10 09:53:00,workstation,Singapore,password,False
S00695,U017,2025-01-10 11:39:00,2025-01-10 14:38:00,workstation,Singapore,password,True
S00696,U017,2025-01-14 07:45:00,2025-01-14 10:30:00,workstation,India,password,True
S00697,U017,2025-01-15 06:27:00,2025-01-15 09:03:00,workstation,Singapore,password,False
S00698,U017,2025-01-18 08:57:00,2025-01-18 11:43:00,vpn,Singapore,password,False
S00699,U017,2025-01-20 08:27:00,2025-01-20 09:44:00,vpn,India,password+token,False
S00700,U017,2025-01-20 10:35:00,2025-01-20 11:45:00,workstation,India,password,True
S00701,U017,2025-01-21 08:06:00,2025-01-21 10:06:00,workstation,India,password+token,True
S00702,U017,2025-01-21 12:03:00,2025-01-21 14:10:00,vpn,Singapore,password+token,True
S00703,U017,2025-01-22 09:00:00,2025-01-22 11:41:00,vpn,Singapore,password,True
S00704,U017,2025-01-23 06:48:00,2025-01-23 09:01:00,workstation,India,password+token,False
S00705,U017,2025-01-27 06:59:00,2025-01-27 08:25:00,workstation,Singapore,password,True
S00706,U017,2025-01-27 09:17:00,2025-01-27 10:41:00,vpn,Singapore,password+token,True
S00707,U017,2025-01-28 06:23:00,2025-01-28 07:47:00,workstation,India,password,False
S00708,U017,2025-01-28 09:02:00,2025-01-28 10:33:00,vpn,Singapore,password,False
S00709,U017,2025-01-31 07:50:00,2025-01-31 10:38:00,workstation,India,password,True
S00710,U017,2025-01-31 11:29:00,2025-01-31 13:09:00,vpn,India,password,False
S00711,U017,2025-02-05 07:08:00,2025-02-05 08:36:00,vpn,India,password,True
S00712,U017,2025-02-05 10:32:00,2025-02-05 11:44:00,vpn,Singapore,password+token,False
S00713,U017,2025-02-06 08:21:00,2025-02-06 11:18:00,vpn,India,password,True
S00714,U017,2025-02-06 13:08:00,2025-02-06 15:54:00,vpn,India,password+token,False
S00715,U017,2025-02-08 09:59:00,2025-02-08 12:53:00,workstation,Singapore,password,True
S00716,U017,2025-02-09 07:46:00,2025-02-09 10:43:00,workstation,Singapore,password,True
S00717,U017,2025-02-09 11:27:00,2025-02-09 12:54:00,workstation,Singapore,password,True
S00718,U017,2025-02-11 07:32:00,2025-02-11 08:50:00,workstation,India,password+token,False
S00719,U017,2025-02-12 08:50:00,2025-02-12 10:02:00,vpn,India,password+token,False
S00720,U017,2025-02-12 11:05:00,2025-02-12 13:37:00,workstation,Singapore,password+token,True
S00721,U017,2025-02-13 06:52:00,2025-02-13 08:55:00,workstation,India,password,False
S00722,U017,2025-02-14 07:04:00,2025-02-14 08:29:00,workstation,Singapore,password+token,False
S00723,U017,2025-02-14 09:05:00,2025-02-14 11:02:00,vpn,Singapore,password,True
S00724,U017,2025-02-15 08:16:00,2025-02-15 09:58:00,workstation,Singapore,password+token,True
S00725,U018,2025-01-01 08:25:00,2025-01-01 09:10:00,laptop,Singapore,password,True
S00726,U018,2025-01-03 09:28:00,2025-01-03 11:23:00,vpn,USA,password+token,False
S00727,U018,2025-01-04 09:28:00,2025-01-04 11:20:00,laptop,USA,password,False
S00728,U018,2025-01-05 06:02:00,2025-01-05 06:42:00,vpn,Singapore,password,True
S00729,U018,2025-01-06 07:39:00,2025-01-06 08:44:00,laptop,USA,password+token,False
S00730,U018,2025-01-06 10:10:00,2025-01-06 11:28:00,vpn,Singapore,password,True
S00731,U018,2025-01-07 08:53:00,2025-01-07 10:41:00,laptop,Singapore,password+token,True
S00732,U018,2025-01-09 08:39:00,2025-01-09 10:07:00,laptop,Singapore,password+token,False
S00733,U018,2025-01-10 07:51:00,2025-01-10 09:35:00,laptop,USA,password,False
S00734,U018,2025-01-10 10:34:00,2025-01-10 11:05:00,vpn,Singapore,password+token,False
S00735,U018,2025-01-11 07:55:00,2025-01-11 09:43:00,vpn,Singapore,password+token,True
S00736,U018,2025-01-11 10:48:00,2025-01-11 11:25:00,laptop,USA,password+token,True
S00737,U018,2025-01-12 09:44:00,2025-01-12 11:15:00,vpn,Singapore,password,False
S00738,U018,2025-01-12 12:42:00,2025-01-12 14:32:00,laptop,USA,password+token,True
S00739,U018,2025-01-13 07:08:00,2025-01-13 07:43:00,laptop,USA,password,False
S00740,U018,2025-01-13 08:29:00,2025-01-13 09:14:00,laptop,USA,password,False
S00741,U018,2025-01-14 09:25:00,2025-01-14 10:30:00,laptop,Singapore,password+token,False
S00742,U018,2025-01-14 12:25:00,2025-01-14 13:56:00,vpn,Singapore,password+token,True
S00743,U018,2025-01-15 07:39:00,2025-01-15 09:07:00,vpn,USA,password+token,True
S00744,U018,2025-01-16 11:29:00,2025-01-16 13:14:00,laptop,USA,password+token,False
S00745,U018,2025-01-16 13:54:00,2025-01-16 15:42:00,laptop,USA,password,True
S00746,U018,2025-01-17 10:17:00,2025-01-17 11:48:00,laptop,USA,password,False
S00747,U018,2025-01-17 13:19:00,2025-01-17 14:26:00,laptop,USA,password,True
S00748,U018,2025-01-20 08:44:00,2025-01-20 09:41:00,laptop,USA,password+token,True
S00749,U018,2025-01-20 10:23:00,2025-01-20 11:19:00,laptop,Singapore,password+token,True
S00750,U018,2025-01-21 09:31:00,2025-01-21 10:23:00,laptop,USA,password+token,False
S00751,U018,2025-01-25 09:00:00,2025-01-25 10:06:00,laptop,Singapore,password,True
S00752,U018,2025-01-25 11:45:00,2025-01-25 12:35:00,vpn,Singapore,password+token,False
S00753,U018,2025-01-30 08:28:00,2025-01-30 10:08:00,vpn,USA,password+token,False
S00754,U018,2025-01-30 10:55:00,2025-01-30 11:26:00,vpn,USA,password+token,False
S00755,U018,2025-02-08 10:34:00,2025-02-08 11:18:00,vpn,USA,password,True
S00756,U018,2025-02-09 08:50:00,2025-02-09 10:13:00,laptop,Singapore,password+token,True
S00757,U018,2025-02-10 08:52:00,2025-02-10 09:56:00,laptop,Singapore,password+token,True
S00758,U018,2025-02-10 10:56:00,2025-02-10 12:43:00,laptop,USA,password+token,False
S00759,U018,2025-02-12 09:34:00,2025-02-12 10:06:00,vpn,USA,password,False
S00760,U018,2025-02-14 10:03:00,2025-02-14 11:33:00,vpn,Singapore,password+token,False
S00761,U019,2025-01-02 09:23:00,2025-01-02 10:03:00,vpn,Singapore,password,False
S00762,U019,2025-01-03 07:58:00,2025-01-03 08:32:00,laptop,USA,password,False
S00763,U019,2025-01-08 10:55:00,2025-01-08 12:51:00,laptop,USA,password+token,False
S00764,U019,2025-01-10 08:24:00,2025-01-10 09:47:00,vpn,USA,password,True
S00765,U019,2025-01-11 08:39:00,2025-01-11 10:24:00,vpn,Singapore,password+token,True
S00766,U019,2025-01-11 11:40:00,2025-01-11 13:30:00,laptop,USA,password+token,False
S00767,U019,2025-01-12 10:49:00,2025-01-12 11:51:00,laptop,Singapore,password,False
S00768,U019,2025-01-12 13:03:00,2025-01-12 14:51:00,vpn,USA,password+token,False
S00769,U019,2025-01-15 10:01:00,2025-01-15 11:06:00,vpn,Singapore,password+token,True
S00770,U019,2025-01-15 12:50:00,2025-01-15 14:31:00,vpn,USA,password,True
S00771,U019,2025-01-16 09:07:00,2025-01-16 10:05:00,vpn,USA,password+token,True
S00772,U019,2025-01-16 11:04:00,2025-01-16 12:54:00,laptop,USA,password,False
S00773,U019,2025-01-20 10:08:00,2025-01-20 11:12:00,laptop,Singapore,password+token,True
S00774,U019,2025-01-21 08:46:00,2025-01-21 10:12:00,laptop,Singapore,password,True
S00775,U019,2025-01-23 07:11:00,2025-01-23 08:29:00,laptop,Singapore,password+token,False
S00776,U019,2025-01-23 09:40:00,2025-01-23 10:38:00,vpn,USA,password,True
S00777,U019,2025-01-24 06:06:00,2025-01-24 07:33:00,vpn,Singapore,password,True
S00778,U019,2025-01-24 08:22:00,2025-01-24 09:41:00,vpn,USA,password,True
S00779,U019,2025-01-25 10:36:00,2025-01-25 11:45:00,laptop,USA,password+token,True
S00780,U019,2025-01-25 13:10:00,2025-01-25 14:02:00,vpn,Singapore,password,False
S00781,U019,2025-01-26 05:28:00,2025-01-26 06:53:00,laptop,USA,password,True
S00782,U019,2025-01-26 08:01:00,2025-01-26 08:58:00,laptop,Singapore,password+token,True
S00783,U019,2025-01-28 10:04:00,2025-01-28 11:37:00,vpn,Singapore,password+token,True
S00784,U019,2025-01-29 10:23:00,2025-01-29 11:36:00,laptop,USA,password+token,True
S00785,U019,2025-01-29 13:07:00,2025-01-29 15:03:00,vpn,USA,password+token,True
S00786,U019,2025-01-30 10:52:00,2025-01-30 12:17:00,laptop,USA,password+token,True
S00787,U019,2025-01-31 08:47:00,2025-01-31 09:34:00,vpn,Singapore,password+token,False
S00788,U019,2025-02-03 09:31:00,2025-02-03 10:09:00,laptop,Singapore,password+token,False
S00789,U019,2025-02-04 07:17:00,2025-02-04 09:03:00,laptop,Singapore,password+token,False
S00790,U019,2025-02-05 10:56:00,2025-02-05 12:13:00,laptop,Singapore,password+token,True
S00791,U019,2025-02-05 13:37:00,2025-02-05 14:45:00,laptop,USA,password+token,True
S00792,U019,2025-02-07 10:44:00,2025-02-07 12:34:00,laptop,USA,password+token,False
S00793,U019,2025-02-08 08:30:00,2025-02-08 09:53:00,laptop,USA,password,True
S00794,U019,2025-02-09 12:12:00,2025-02-09 13:13:00,laptop,USA,password+token,True
S00795,U019,2025-02-10 08:27:00,2025-02-10 08:59:00,laptop,Singapore,password+token,True
S00796,U019,2025-02-10 10:48:00,2025-02-10 11:39:00,vpn,Singapore,password+token,False
S00797,U019,2025-02-11 07:07:00,2025-02-11 08:38:00,laptop,USA,password,True
S00798,U019,2025-02-12 10:28:00,2025-02-12 12:06:00,laptop,USA,password+token,True
S00799,U019,2025-02-14 07:20:00,2025-02-14 09:13:00,vpn,USA,password+token,True
S00800,U019,2025-02-14 10:04:00,2025-02-14 10:37:00,vpn,USA,password,True
