session_id,user_id,session_start,session_end,device_type,location,login_method,mfa_used,failed_login_attempts
S00001,U000,2025-01-01 11:21:00,2025-01-01 13:14:00,laptop,India,password+token,True,0
S00002,U000,2025-01-01 14:28:00,2025-01-01 16:06:00,laptop,India,password+token,True,0
S00003,U000,2025-01-01 17:57:00,2025-01-01 18:56:00,vpn,India,password+token,True,0
S00004,U000,2025-01-02 10:47:00,2025-01-02 12:49:00,workstation,India,password,True,2
S00005,U000,2025-01-03 06:23:00,2025-01-03 08:03:00,laptop,Germany,password+token,False,1
S00006,U000,2025-01-04 10:43:00,2025-01-04 12:37:00,workstation,India,password,False,0
S00007,U000,2025-01-06 09:51:00,2025-01-06 11:15:00,laptop,India,password+token,True,2
S00008,U000,2025-01-07 08:43:00,2025-01-07 11:01:00,laptop,India,password,False,1
S00009,U000,2025-01-08 10:53:00,2025-01-08 12:10:00,laptop,India,password+token,False,0
S00010,U000,2025-01-10 09:00:00,2025-01-10 10:12:00,laptop,India,password+token,True,1
S00011,U000,2025-01-10 10:47:00,2025-01-10 13:41:00,laptop,India,password,True,0
S00012,U000,2025-01-14 10:29:00,2025-01-14 11:29:00,vpn,Singapore,password+token,True,1
S00013,U000,2025-01-15 10:34:00,2025-01-15 12:35:00,laptop,Singapore,password,True,0
S00014,U000,2025-01-15 13:02:00,2025-01-15 14:46:00,laptop,India,password,False,0
S00015,U000,2025-01-15 16:42:00,2025-01-15 18:34:00,laptop,India,password+token,True,3
S00016,U000,2025-01-16 08:22:00,2025-01-16 09:31:00,workstation,Germany,password,True,1
S00017,U000,2025-01-16 10:23:00,2025-01-16 10:58:00,laptop,India,password+token,True,0
S00018,U000,2025-01-16 12:22:00,2025-01-16 13:42:00,laptop,India,password,True,3
S00019,U000,2025-01-17 09:43:00,2025-01-17 11:36:00,laptop,India,password+token,False,0
S00020,U000,2025-01-20 06:22:00,2025-01-20 07:15:00,laptop,India,password+token,True,0
S00021,U000,2025-01-21 09:50:00,2025-01-21 11:02:00,laptop,India,password,True,1
S00022,U000,2025-01-21 12:57:00,2025-01-21 13:41:00,laptop,Germany,password,True,1
S00023,U000,2025-01-22 09:30:00,2025-01-22 10:59:00,laptop,India,password+token,True,0
S00024,U000,2025-01-22 11:47:00,2025-01-22 13:57:00,laptop,India,password,False,0
S00025,U000,2025-01-22 14:40:00,2025-01-22 16:03:00,workstation,India,password,True,0
S00026,U000,2025-01-23 10:30:00,2025-01-23 11:47:00,laptop,India,password+token,False,2
S00027,U000,2025-01-24 12:04:00,2025-01-24 13:49:00,workstation,India,password,True,0
S00028,U000,2025-01-26 10:44:00,2025-01-26 11:46:00,vpn,India,password+token,True,0
S00029,U000,2025-01-27 11:40:00,2025-01-27 13:19:00,laptop,India,password,True,2
S00030,U000,2025-01-28 09:18:00,2025-01-28 11:12:00,laptop,India,password,False,0
S00031,U000,2025-01-29 10:27:00,2025-01-29 11:11:00,laptop,India,password,True,0
S00032,U000,2025-01-29 12:16:00,2025-01-29 14:07:00,laptop,India,password+token,True,1
S00033,U000,2025-01-29 15:52:00,2025-01-29 17:24:00,laptop,India,password+token,True,2
S00034,U000,2025-01-30 08:00:00,2025-01-30 09:00:00,laptop,India,password+token,True,1
S00035,U000,2025-01-31 06:20:00,2025-01-31 07:43:00,vpn,India,password+token,True,1
S00036,U000,2025-01-31 08:40:00,2025-01-31 10:15:00,laptop,India,password,False,1
S00037,U000,2025-02-01 07:46:00,2025-02-01 09:51:00,laptop,India,password,True,0
S00038,U000,2025-02-02 09:00:00,2025-02-02 09:20:00,laptop,India,password+token,True,0
S00039,U000,2025-02-03 10:51:00,2025-02-03 12:23:00,laptop,India,password+token,True,0
S00040,U000,2025-02-04 09:57:00,2025-02-04 10:46:00,laptop,India,password+token,True,1
S00041,U000,2025-02-04 11:23:00,2025-02-04 12:57:00,laptop,India,password,True,1
S00042,U000,2025-02-05 10:05:00,2025-02-05 11:30:00,laptop,Singapore,password,False,2
S00043,U000,2025-02-05 12:57:00,2025-02-05 14:36:00,laptop,India,password,True,0
S00044,U000,2025-02-06 09:09:00,2025-02-06 11:27:00,laptop,India,password,True,0
S00045,U000,2025-02-07 09:52:00,2025-02-07 12:12:00,workstation,India,password+token,True,0
S00046,U000,2025-02-08 11:24:00,2025-02-08 12:42:00,laptop,India,password,True,0
S00047,U000,2025-02-08 13:52:00,2025-02-08 15:36:00,laptop,India,password+token,True,1
S00048,U000,2025-02-08 17:32:00,2025-02-08 19:26:00,workstation,India,password+token,True,1
S00049,U000,2025-02-10 11:25:00,2025-02-10 13:35:00,laptop,Germany,password,True,0
S00050,U000,2025-02-10 14:54:00,2025-02-10 16:11:00,laptop,India,password,False,1
S00051,U000,2025-02-11 09:53:00,2025-02-11 11:45:00,laptop,India,password,True,0
S00052,U000,2025-02-12 09:16:00,2025-02-12 10:36:00,laptop,India,password,True,1
S00053,U000,2025-02-12 12:19:00,2025-02-12 13:05:00,laptop,India,password,True,0
S00054,U000,2025-02-14 11:18:00,2025-02-14 13:16:00,laptop,India,password,False,1
S00055,U000,2025-02-14 14:30:00,2025-02-14 16:51:00,laptop,India,password+token,True,0
S00056,U001,2025-01-01 07:31:00,2025-01-01 09:03:00,laptop,India,password+token,False,0
S00057,U001,2025-01-03 06:19:00,2025-01-03 07:24:00,laptop,Germany,password+token,True,2
S00058,U001,2025-01-03 09:04:00,2025-01-03 11:17:00,laptop,India,password+token,True,0
S00059,U001,2025-01-03 12:10:00,2025-01-03 13:21:00,laptop,India,password+token,False,1
S00060,U001,2025-01-05 08:01:00,2025-01-05 09:51:00,laptop,India,password,True,1
S00061,U001,2025-01-05 10:32:00,2025-01-05 12:01:00,laptop,India,password,False,0
S00062,U001,2025-01-06 07:02:00,2025-01-06 09:02:00,laptop,India,password+token,False,2
S00063,U001,2025-01-06 09:47:00,2025-01-06 12:16:00,vpn,Germany,password+token,True,2
S00064,U001,2025-01-06 12:49:00,2025-01-06 14:22:00,workstation,India,password,True,1
S00065,U001,2025-01-07 06:33:00,2025-01-07 08:30:00,laptop,India,password+token,False,2
S00066,U001,2025-01-07 09:34:00,2025-01-07 11:27:00,laptop,India,password+token,True,1
S00067,U001,2025-01-08 06:55:00,2025-01-08 08:53:00,laptop,India,password,False,0
S00068,U001,2025-01-08 09:15:00,2025-01-08 10:37:00,laptop,India,password,True,1
S00069,U001,2025-01-13 08:36:00,2025-01-13 10:14:00,laptop,India,password,True,0
S00070,U001,2025-01-14 06:16:00,2025-01-14 08:49:00,laptop,USA,password+token,True,1
S00071,U001,2025-01-14 09:49:00,2025-01-14 11:15:00,workstation,Singapore,password,False,0
S00072,U001,2025-01-16 06:01:00,2025-01-16 08:17:00,laptop,India,password,False,0
S00073,U001,2025-01-20 07:31:00,2025-01-20 10:12:00,laptop,India,password+token,False,1
S00074,U001,2025-01-20 10:42:00,2025-01-20 13:02:00,laptop,India,password,False,0
S00075,U001,2025-01-22 08:10:00,2025-01-22 10:05:00,laptop,India,password,False,1
S00076,U001,2025-01-22 11:44:00,2025-01-22 14:14:00,laptop,India,password+token,True,2
S00077,U001,2025-01-22 15:51:00,2025-01-22 17:58:00,laptop,India,password+token,True,1
S00078,U001,2025-01-24 08:24:00,2025-01-24 10:51:00,laptop,India,password+token,True,1
S00079,U001,2025-01-24 11:50:00,2025-01-24 13:12:00,laptop,India,password,True,2
S00080,U001,2025-01-25 09:07:00,2025-01-25 11:17:00,laptop,India,password,True,1
S00081,U001,2025-01-26 09:17:00,2025-01-26 10:58:00,laptop,India,password+token,True,3
S00082,U001,2025-01-27 06:29:00,2025-01-27 07:36:00,workstation,India,password,True,1
S00083,U001,2025-01-28 08:38:00,2025-01-28 11:14:00,workstation,India,password+token,False,0
S00084,U001,2025-01-28 12:33:00,2025-01-28 15:34:00,laptop,India,password,True,1
S00085,U001,2025-01-29 08:09:00,2025-01-29 09:20:00,laptop,India,password+token,True,0
S00086,U001,2025-01-29 10:28:00,2025-01-29 13:15:00,laptop,India,password,True,2
S00087,U001,2025-01-30 07:13:00,2025-01-30 08:32:00,laptop,India,password+token,True,0
S00088,U001,2025-01-30 09:36:00,2025-01-30 10:35:00,laptop,India,password+token,True,2
S00089,U001,2025-01-31 06:26:00,2025-01-31 08:35:00,laptop,India,password+token,True,2
S00090,U001,2025-01-31 10:11:00,2025-01-31 12:17:00,vpn,India,password+token,False,1
S00091,U001,2025-02-03 08:14:00,2025-02-03 09:31:00,laptop,India,password,True,2
S00092,U001,2025-02-03 10:18:00,2025-02-03 13:02:00,laptop,India,password+token,False,1
S00093,U001,2025-02-04 10:59:00,2025-02-04 12:43:00,laptop,India,password,True,1
S00094,U001,2025-02-06 07:25:00,2025-02-06 08:53:00,laptop,India,password,True,0
S00095,U001,2025-02-10 08:58:00,2025-02-10 12:27:00,laptop,India,password+token,False,1
S00096,U001,2025-02-11 06:43:00,2025-02-11 08:39:00,laptop,India,password,True,2
S00097,U001,2025-02-11 09:40:00,2025-02-11 12:52:00,laptop,India,password,False,0
S00098,U001,2025-02-11 13:24:00,2025-02-11 14:24:00,laptop,USA,password+token,True,0
S00099,U001,2025-02-12 08:07:00,2025-02-12 09:39:00,workstation,India,password,True,1
S00100,U001,2025-02-12 10:21:00,2025-02-12 12:46:00,laptop,India,password,False,0
S00101,U001,2025-02-12 14:43:00,2025-02-12 15:48:00,laptop,India,password+token,True,2
S00102,U001,2025-02-14 10:29:00,2025-02-14 12:29:00,laptop,India,password+token,True,3
S00103,U001,2025-02-14 14:23:00,2025-02-14 17:37:00,laptop,India,password,True,0
S00104,U001,2025-02-15 07:31:00,2025-02-15 09:15:00,workstation,India,password,True,0
S00105,U002,2025-01-01 10:10:00,2025-01-01 11:20:00,laptop,India,password+token,True,0
S00106,U002,2025-01-02 08:35:00,2025-01-02 09:19:00,laptop,USA,password+token,False,1
S00107,U002,2025-01-02 09:59:00,2025-01-02 11:16:00,laptop,India,password+token,False,2
S00108,U002,2025-01-03 09:59:00,2025-01-03 11:24:00,laptop,Singapore,password,True,3
S00109,U002,2025-01-03 12:41:00,2025-01-03 15:04:00,laptop,USA,password,False,2
S00110,U002,2025-01-06 11:34:00,2025-01-06 12:59:00,workstation,Germany,password,True,0
S00111,U002,2025-01-07 07:27:00,2025-01-07 08:42:00,laptop,Singapore,password,False,0
S00112,U002,2025-01-07 09:54:00,2025-01-07 10:58:00,laptop,India,password,True,1
S00113,U002,2025-01-08 10:19:00,2025-01-08 12:00:00,laptop,Singapore,password+token,False,1
S00114,U002,2025-01-09 10:21:00,2025-01-09 11:59:00,laptop,Singapore,password,True,0
S00115,U002,2025-01-09 13:19:00,2025-01-09 14:49:00,workstation,USA,password,True,3
S00116,U002,2025-01-09 15:18:00,2025-01-09 17:46:00,laptop,USA,password,False,2
S00117,U002,2025-01-10 11:57:00,2025-01-10 13:10:00,laptop,India,password,True,0
S00118,U002,2025-01-10 13:46:00,2025-01-10 14:46:00,laptop,USA,password,True,2
S00119,U002,2025-01-10 16:08:00,2025-01-10 18:26:00,laptop,USA,password,True,1
S00120,U002,2025-01-11 09:05:00,2025-01-11 10:58:00,laptop,Germany,password+token,False,0
S00121,U002,2025-01-11 12:26:00,2025-01-11 14:15:00,laptop,India,password,False,1
S00122,U002,2025-01-11 15:34:00,2025-01-11 17:10:00,laptop,India,password,True,0
S00123,U002,2025-01-14 09:35:00,2025-01-14 09:55:00,laptop,Germany,password+token,True,1
S00124,U002,2025-01-14 10:35:00,2025-01-14 11:43:00,laptop,Singapore,password+token,True,0
S00125,U002,2025-01-15 07:54:00,2025-01-15 09:04:00,laptop,Germany,password,True,0
S00126,U002,2025-01-17 09:15:00,2025-01-17 10:24:00,laptop,Singapore,password,True,1
S00127,U002,2025-01-19 09:20:00,2025-01-19 10:29:00,laptop,USA,password,True,0
S00128,U002,2025-01-19 12:17:00,2025-01-19 13:53:00,laptop,India,password,False,0
S00129,U002,2025-01-20 09:17:00,2025-01-20 11:24:00,workstation,Singapore,password,False,0
S00130,U002,2025-01-21 09:05:00,2025-01-21 09:36:00,workstation,India,password+token,False,1
S00131,U002,2025-01-22 06:33:00,2025-01-22 08:12:00,laptop,Germany,password+token,False,1
S00132,U002,2025-01-23 09:25:00,2025-01-23 10:27:00,laptop,Germany,password+token,True,0
S00133,U002,2025-01-23 11:19:00,2025-01-23 13:14:00,laptop,India,password+token,True,1
S00134,U002,2025-01-23 14:31:00,2025-01-23 14:51:00,vpn,Singapore,password+token,False,2
S00135,U002,2025-01-27 09:23:00,2025-01-27 11:09:00,vpn,Germany,password+token,True,1
S00136,U002,2025-01-27 11:42:00,2025-01-27 12:55:00,laptop,USA,password,False,0
S00137,U002,2025-01-27 14:22:00,2025-01-27 17:05:00,laptop,USA,password,False,2
S00138,U002,2025-01-28 09:33:00,2025-01-28 11:23:00,laptop,USA,password+token,True,2
S00139,U002,2025-01-28 12:37:00,2025-01-28 14:23:00,laptop,Singapore,password+token,False,1
S00140,U002,2025-01-28 16:04:00,2025-01-28 16:34:00,laptop,Germany,password,True,1
S00141,U002,2025-01-29 11:48:00,2025-01-29 12:47:00,workstation,USA,password+token,True,0
S00142,U002,2025-01-30 11:45:00,2025-01-30 13:11:00,laptop,India,password+token,True,4
S00143,U002,2025-01-31 11:32:00,2025-01-31 12:21:00,workstation,India,password,True,3
S00144,U002,2025-02-02 08:37:00,2025-02-02 10:58:00,laptop,India,password+token,False,0
S00145,U002,2025-02-02 12:56:00,2025-02-02 14:21:00,laptop,India,password,True,1
S00146,U002,2025-02-02 15:37:00,2025-02-02 18:13:00,laptop,Germany,password,False,1
S00147,U002,2025-02-03 10:48:00,2025-02-03 12:30:00,vpn,USA,password+token,True,0
S00148,U002,2025-02-04 08:10:00,2025-02-04 08:37:00,laptop,India,password+token,True,1
S00149,U002,2025-02-05 09:12:00,2025-02-05 10:49:00,laptop,India,password,True,0
S00150,U002,2025-02-05 11:19:00,2025-02-05 11:54:00,laptop,Germany,password,True,3
S00151,U002,2025-02-06 06:36:00,2025-02-06 07:59:00,workstation,India,password+token,True,1
S00152,U002,2025-02-09 08:23:00,2025-02-09 09:28:00,workstation,Singapore,password,True,2
S00153,U002,2025-02-09 10:59:00,2025-02-09 11:19:00,laptop,Singapore,password,True,2
S00154,U002,2025-02-09 12:19:00,2025-02-09 12:55:00,laptop,Germany,password+token,False,0
S00155,U002,2025-02-10 11:45:00,2025-02-10 14:01:00,laptop,Germany,password,True,2
S00156,U002,2025-02-10 15:26:00,2025-02-10 16:16:00,laptop,India,password,True,0
S00157,U002,2025-02-10 17:40:00,2025-02-10 18:15:00,laptop,Germany,password+token,True,2
S00158,U002,2025-02-11 10:03:00,2025-02-11 10:40:00,laptop,India,password+token,True,1
S00159,U002,2025-02-12 07:37:00,2025-02-12 09:03:00,vpn,India,password+token,False,1
S00160,U002,2025-02-13 08:22:00,2025-02-13 10:33:00,laptop,India,password+token,True,4
S00161,U002,2025-02-13 12:15:00,2025-02-13 13:29:00,laptop,USA,password,True,1
S00162,U002,2025-02-13 15:28:00,2025-02-13 17:33:00,workstation,India,password+token,True,0
S00163,U002,2025-02-14 12:20:00,2025-02-14 13:43:00,laptop,Germany,password+token,False,1
S00164,U002,2025-02-14 15:28:00,2025-02-14 17:07:00,laptop,Germany,password+token,True,1
S00165,U003,2025-01-01 09:11:00,2025-01-01 10:53:00,laptop,India,password+token,True,0
S00166,U003,2025-01-02 10:46:00,2025-01-02 12:22:00,laptop,India,password,False,2
S00167,U003,2025-01-03 11:03:00,2025-01-03 12:40:00,laptop,India,password,True,1
S00168,U003,2025-01-04 08:51:00,2025-01-04 09:33:00,laptop,Germany,password+token,True,0
S00169,U003,2025-01-04 10:30:00,2025-01-04 12:28:00,laptop,India,password+token,True,1
S00170,U003,2025-01-05 10:43:00,2025-01-05 12:29:00,laptop,India,password+token,True,0
S00171,U003,2025-01-07 08:16:00,2025-01-07 10:24:00,workstation,India,password+token,True,0
S00172,U003,2025-01-08 06:27:00,2025-01-08 07:31:00,workstation,India,password,True,1
S00173,U003,2025-01-08 08:44:00,2025-01-08 10:53:00,laptop,Germany,password+token,False,1
S00174,U003,2025-01-10 09:44:00,2025-01-10 11:01:00,laptop,USA,password+token,True,0
S00175,U003,2025-01-13 08:22:00,2025-01-13 09:23:00,laptop,India,password+token,True,0
S00176,U003,2025-01-13 10:06:00,2025-01-13 12:11:00,laptop,USA,password,True,1
S00177,U003,2025-01-13 13:27:00,2025-01-13 14:26:00,laptop,India,password,True,1
S00178,U003,2025-01-14 12:57:00,2025-01-14 14:23:00,laptop,India,password+token,False,2
S00179,U003,2025-01-15 11:09:00,2025-01-15 12:16:00,laptop,Singapore,password+token,True,1
S00180,U003,2025-01-17 09:33:00,2025-01-17 11:14:00,vpn,Singapore,password+token,False,1
S00181,U003,2025-01-17 12:54:00,2025-01-17 14:02:00,laptop,India,password+token,True,2
S00182,U003,2025-01-21 11:12:00,2025-01-21 13:08:00,laptop,Singapore,password,True,0
S00183,U003,2025-01-27 06:10:00,2025-01-27 08:23:00,workstation,Germany,password,True,0
S00184,U003,2025-01-28 11:38:00,2025-01-28 13:31:00,laptop,USA,password+token,True,0
S00185,U003,2025-01-29 09:04:00,2025-01-29 10:07:00,laptop,Germany,password,False,1
S00186,U003,2025-01-29 11:09:00,2025-01-29 11:55:00,laptop,India,password,True,1
S00187,U003,2025-01-30 13:58:00,2025-01-30 15:03:00,workstation,Germany,password,True,1
S00188,U003,2025-01-30 15:32:00,2025-01-30 17:22:00,vpn,India,password+token,True,0
S00189,U003,2025-01-31 12:56:00,2025-01-31 15:15:00,workstation,India,password+token,True,0
S00190,U003,2025-01-31 16:08:00,2025-01-31 17:13:00,laptop,India,password+token,False,3
S00191,U003,2025-01-31 18:37:00,2025-01-31 20:31:00,workstation,India,password+token,False,1
S00192,U003,2025-02-04 09:21:00,2025-02-04 11:38:00,laptop,USA,password,True,0
S00193,U003,2025-02-04 11:58:00,2025-02-04 14:19:00,laptop,Singapore,password,False,0
S00194,U003,2025-02-05 10:45:00,2025-02-05 12:28:00,workstation,India,password,True,1
S00195,U003,2025-02-07 10:28:00,2025-02-07 11:07:00,laptop,USA,password+token,False,1
S00196,U003,2025-02-07 11:58:00,2025-02-07 13:34:00,laptop,USA,password+token,True,0
S00197,U003,2025-02-07 14:08:00,2025-02-07 15:54:00,workstation,Singapore,password+token,True,1
S00198,U003,2025-02-10 10:28:00,2025-02-10 12:42:00,workstation,Germany,password+token,False,1
S00199,U003,2025-02-12 10:15:00,2025-02-12 12:26:00,laptop,India,password+token,True,0
S00200,U003,2025-02-12 13:31:00,2025-02-12 15:31:00,laptop,Singapore,password,True,1
S00201,U003,2025-02-13 10:44:00,2025-02-13 12:11:00,workstation,India,password,True,0
S00202,U004,2025-01-01 06:35:00,2025-01-01 10:14:00,vpn,India,password+token,True,1
S00203,U004,2025-01-01 10:39:00,2025-01-01 13:49:00,vpn,USA,password+token,True,1
S00204,U004,2025-01-02 08:58:00,2025-01-02 12:50:00,workstation,India,password,True,1
S00205,U004,2025-01-03 06:31:00,2025-01-03 08:42:00,workstation,India,password+token,True,1
S00206,U004,2025-01-03 10:17:00,2025-01-03 12:10:00,workstation,USA,password+token,True,2
S00207,U004,2025-01-04 06:17:00,2025-01-04 08:33:00,laptop,Singapore,password,True,3
S00208,U004,2025-01-04 09:27:00,2025-01-04 12:59:00,workstation,India,password,True,2
S00209,U004,2025-01-05 08:28:00,2025-01-05 12:21:00,workstation,India,password+token,True,0
S00210,U004,2025-01-05 12:45:00,2025-01-05 16:38:00,laptop,India,password+token,True,0
S00211,U004,2025-01-05 17:56:00,2025-01-05 21:39:00,vpn,India,password+token,True,1
S00212,U004,2025-01-06 06:54:00,2025-01-06 09:15:00,vpn,India,password+token,False,2
S00213,U004,2025-01-07 06:43:00,2025-01-07 09:21:00,laptop,India,password+token,True,1
S00214,U004,2025-01-08 07:34:00,2025-01-08 10:08:00,vpn,Germany,password+token,True,0
S00215,U004,2025-01-09 08:41:00,2025-01-09 10:45:00,workstation,India,password,True,0
S00216,U004,2025-01-13 06:38:00,2025-01-13 08:38:00,workstation,India,password+token,True,0
S00217,U004,2025-01-13 09:14:00,2025-01-13 12:30:00,workstation,India,password,True,2
S00218,U004,2025-01-14 06:12:00,2025-01-14 10:25:00,workstation,India,password+token,True,1
S00219,U004,2025-01-15 08:25:00,2025-01-15 11:49:00,workstation,USA,password,True,1
S00220,U004,2025-01-15 12:46:00,2025-01-15 15:00:00,vpn,India,password+token,True,2
S00221,U004,2025-01-16 06:21:00,2025-01-16 10:08:00,workstation,India,password,True,0
S00222,U004,2025-01-17 06:46:00,2025-01-17 10:51:00,workstation,India,password,True,2
S00223,U004,2025-01-17 12:33:00,2025-01-17 15:43:00,laptop,India,password,True,1
S00224,U004,2025-01-17 16:11:00,2025-01-17 17:21:00,workstation,Germany,password+token,True,0
S00225,U004,2025-01-18 06:20:00,2025-01-18 08:34:00,laptop,India,password,True,0
S00226,U004,2025-01-18 09:10:00,2025-01-18 12:43:00,workstation,India,password,True,0
S00227,U004,2025-01-19 06:18:00,2025-01-19 08:47:00,workstation,India,password+token,True,0
S00228,U004,2025-01-19 09:31:00,2025-01-19 12:42:00,workstation,India,password+token,True,1
S00229,U004,2025-01-20 06:47:00,2025-01-20 09:02:00,workstation,India,password+token,True,1
S00230,U004,2025-01-20 10:40:00,2025-01-20 13:20:00,vpn,India,password+token,True,3
S00231,U004,2025-01-20 14:19:00,2025-01-20 17:04:00,workstation,India,password,False,0
S00232,U004,2025-01-21 06:25:00,2025-01-21 09:25:00,workstation,India,password,True,0
S00233,U004,2025-01-21 10:36:00,2025-01-21 12:36:00,vpn,USA,password+token,True,0
S00234,U004,2025-01-22 06:25:00,2025-01-22 09:45:00,workstation,India,password,True,2
S00235,U004,2025-01-23 06:33:00,2025-01-23 08:36:00,vpn,Singapore,password+token,True,1
S00236,U004,2025-01-24 06:42:00,2025-01-24 08:43:00,vpn,Germany,password+token,True,0
S00237,U004,2025-01-25 06:03:00,2025-01-25 08:57:00,vpn,India,password+token,True,1
S00238,U004,2025-01-25 09:24:00,2025-01-25 10:39:00,workstation,India,password,True,1
S00239,U004,2025-01-25 11:04:00,2025-01-25 12:43:00,workstation,India,password,True,0
S00240,U004,2025-01-27 06:18:00,2025-01-27 10:06:00,workstation,Singapore,password,True,2
S00241,U004,2025-01-27 11:34:00,2025-01-27 12:29:00,workstation,India,password+token,True,0
S00242,U004,2025-01-27 13:29:00,2025-01-27 16:41:00,vpn,India,password+token,True,0
S00243,U004,2025-01-28 06:50:00,2025-01-28 09:32:00,vpn,India,password+token,True,1
S00244,U004,2025-01-30 06:06:00,2025-01-30 07:52:00,workstation,India,password,True,0
S00245,U004,2025-01-31 06:13:00,2025-01-31 08:25:00,workstation,India,password,True,1
S00246,U004,2025-02-01 06:15:00,2025-02-01 07:53:00,vpn,India,password+token,False,0
S00247,U004,2025-02-02 06:05:00,2025-02-02 08:41:00,workstation,India,password+token,True,0
S00248,U004,2025-02-03 06:41:00,2025-02-03 10:46:00,workstation,India,password+token,True,0
S00249,U004,2025-02-04 06:42:00,2025-02-04 09:27:00,workstation,India,password,True,0
S00250,U004,2025-02-04 10:10:00,2025-02-04 12:51:00,vpn,India,password+token,True,3
S00251,U004,2025-02-05 06:59:00,2025-02-05 10:31:00,workstation,India,password,True,1
S00252,U004,2025-02-07 06:31:00,2025-02-07 10:08:00,vpn,India,password+token,True,2
S00253,U004,2025-02-07 10:55:00,2025-02-07 14:09:00,workstation,USA,password+token,True,3
S00254,U004,2025-02-10 06:03:00,2025-02-10 08:23:00,vpn,Germany,password+token,True,0
S00255,U004,2025-02-11 06:58:00,2025-02-11 09:10:00,laptop,India,password+token,True,2
S00256,U004,2025-02-11 10:14:00,2025-02-11 12:20:00,laptop,USA,password,True,1
S00257,U004,2025-02-11 13:30:00,2025-02-11 15:27:00,workstation,India,password+token,True,1
S00258,U004,2025-02-12 06:44:00,2025-02-12 09:13:00,workstation,India,password,True,0
S00259,U004,2025-02-12 10:14:00,2025-02-12 12:47:00,vpn,USA,password+token,True,1
S00260,U004,2025-02-13 06:45:00,2025-02-13 11:05:00,vpn,Singapore,password+token,True,0
S00261,U004,2025-02-13 11:35:00,2025-02-13 12:27:00,workstation,India,password+token,True,0
S00262,U004,2025-02-14 07:02:00,2025-02-14 09:01:00,vpn,India,password+token,True,1
S00263,U005,2025-01-01 11:37:00,2025-01-01 15:12:00,laptop,India,password+token,True,0
S00264,U005,2025-01-01 15:39:00,2025-01-01 17:49:00,workstation,Germany,password,True,0
S00265,U005,2025-01-01 18:47:00,2025-01-01 21:52:00,vpn,India,password+token,True,0
S00266,U005,2025-01-03 08:07:00,2025-01-03 11:07:00,vpn,India,password+token,True,0
S00267,U005,2025-01-03 12:18:00,2025-01-03 15:24:00,vpn,India,password+token,True,1
S00268,U005,2025-01-04 09:05:00,2025-01-04 11:51:00,workstation,India,password,True,3
S00269,U005,2025-01-06 08:34:00,2025-01-06 10:01:00,workstation,India,password,True,0
S00270,U005,2025-01-06 10:29:00,2025-01-06 14:01:00,laptop,Germany,password+token,True,0
S00271,U005,2025-01-07 10:47:00,2025-01-07 13:38:00,vpn,India,password+token,True,0
S00272,U005,2025-01-08 06:31:00,2025-01-08 09:35:00,vpn,India,password+token,True,0
S00273,U005,2025-01-09 10:49:00,2025-01-09 13:43:00,vpn,India,password+token,True,3
S00274,U005,2025-01-10 08:11:00,2025-01-10 12:06:00,vpn,USA,password+token,True,1
S00275,U005,2025-01-10 13:19:00,2025-01-10 15:09:00,workstation,India,password,True,2
S00276,U005,2025-01-12 12:26:00,2025-01-12 16:04:00,workstation,India,password+token,True,2
S00277,U005,2025-01-13 12:40:00,2025-01-13 14:56:00,workstation,India,password,True,0
S00278,U005,2025-01-14 06:51:00,2025-01-14 07:34:00,laptop,USA,password,True,2
S00279,U005,2025-01-15 09:43:00,2025-01-15 13:48:00,workstation,India,password+token,True,2
S00280,U005,2025-01-15 14:16:00,2025-01-15 15:58:00,workstation,India,password+token,True,2
S00281,U005,2025-01-16 08:45:00,2025-01-16 13:18:00,vpn,India,password+token,True,0
S00282,U005,2025-01-17 09:44:00,2025-01-17 12:53:00,workstation,India,password,True,1
S00283,U005,2025-01-17 14:14:00,2025-01-17 17:58:00,vpn,India,password+token,True,1
S00284,U005,2025-01-18 09:27:00,2025-01-18 14:36:00,vpn,India,password+token,True,1
S00285,U005,2025-01-20 09:10:00,2025-01-20 12:38:00,vpn,India,password+token,False,0
S00286,U005,2025-01-21 10:07:00,2025-01-21 13:36:00,laptop,India,password,True,0
S00287,U005,2025-01-21 14:37:00,2025-01-21 18:05:00,vpn,India,password+token,True,2
S00288,U005,2025-01-21 19:59:00,2025-01-21 23:15:00,vpn,India,password+token,False,1
S00289,U005,2025-01-22 08:31:00,2025-01-22 10:18:00,workstation,India,password,True,0
S00290,U005,2025-01-22 10:39:00,2025-01-22 12:43:00,workstation,India,password,True,1
S00291,U005,2025-01-23 11:38:00,2025-01-23 14:47:00,vpn,India,password+token,True,1
S00292,U005,2025-01-28 13:17:00,2025-01-28 15:32:00,vpn,Germany,password+token,True,0
S00293,U005,2025-01-29 06:12:00,2025-01-29 09:15:00,vpn,India,password+token,True,1
S00294,U005,2025-01-31 09:49:00,2025-01-31 11:44:00,vpn,India,password+token,True,0
S00295,U005,2025-02-01 06:21:00,2025-02-01 09:00:00,vpn,Germany,password+token,True,0
S00296,U005,2025-02-02 08:16:00,2025-02-02 10:35:00,workstation,India,password+token,True,1
S00297,U005,2025-02-03 07:27:00,2025-02-03 10:09:00,workstation,India,password,True,1
S00298,U005,2025-02-03 10:40:00,2025-02-03 12:48:00,workstation,India,password,True,0
S00299,U005,2025-02-04 10:01:00,2025-02-04 13:03:00,vpn,India,password+token,True,0
S00300,U005,2025-02-04 14:03:00,2025-02-04 16:33:00,workstation,India,password,True,2
S00301,U005,2025-02-04 17:43:00,2025-02-04 21:38:00,vpn,India,password+token,True,1
S00302,U005,2025-02-05 11:32:00,2025-02-05 13:42:00,workstation,India,password,True,0
S00303,U005,2025-02-05 14:10:00,2025-02-05 17:19:00,vpn,India,password+token,True,0
S00304,U005,2025-02-05 18:20:00,2025-02-05 19:42:00,vpn,India,password+token,True,1
S00305,U005,2025-02-06 11:51:00,2025-02-06 14:51:00,vpn,India,password+token,True,1
S00306,U005,2025-02-07 07:35:00,2025-02-07 10:33:00,workstation,India,password,True,0
S00307,U005,2025-02-07 12:03:00,2025-02-07 14:02:00,vpn,India,password+token,True,3
S00308,U005,2025-02-08 09:35:00,2025-02-08 11:07:00,vpn,USA,password+token,True,1
S00309,U005,2025-02-08 11:42:00,2025-02-08 15:07:00,workstation,India,password+token,True,0
S00310,U005,2025-02-08 15:53:00,2025-02-08 18:02:00,vpn,India,password+token,True,0
S00311,U005,2025-02-09 09:54:00,2025-02-09 11:23:00,laptop,India,password,True,1
S00312,U005,2025-02-09 11:46:00,2025-02-09 14:53:00,workstation,India,password,True,0
S00313,U005,2025-02-09 15:23:00,2025-02-09 17:57:00,vpn,India,password+token,True,3
S00314,U005,2025-02-10 10:21:00,2025-02-10 12:59:00,vpn,India,password+token,True,2
S00315,U005,2025-02-10 13:51:00,2025-02-10 15:53:00,workstation,India,password,True,0
S00316,U005,2025-02-11 11:17:00,2025-02-11 13:43:00,workstation,India,password,True,1
S00317,U005,2025-02-12 10:41:00,2025-02-12 14:49:00,workstation,India,password+token,True,2
S00318,U005,2025-02-12 16:06:00,2025-02-12 19:23:00,laptop,India,password+token,True,0
S00319,U005,2025-02-12 20:55:00,2025-02-12 23:59:00,vpn,India,password+token,True,0
S00320,U005,2025-02-14 07:25:00,2025-02-14 10:20:00,workstation,Singapore,password,False,2
S00321,U005,2025-02-14 12:16:00,2025-02-14 14:19:00,vpn,India,password+token,True,3
S00322,U006,2025-01-01 10:09:00,2025-01-01 10:54:00,vpn,Singapore,password+token,True,0
S00323,U006,2025-01-01 12:14:00,2025-01-01 15:01:00,laptop,USA,password,True,0
S00324,U006,2025-01-02 10:00:00,2025-01-02 11:16:00,workstation,Singapore,password,True,1
S00325,U006,2025-01-06 09:33:00,2025-01-06 11:36:00,workstation,USA,password+token,True,1
S00326,U006,2025-01-06 12:44:00,2025-01-06 14:52:00,laptop,Singapore,password,True,1
S00327,U006,2025-01-07 09:01:00,2025-01-07 10:06:00,workstation,Singapore,password,True,1
S00328,U006,2025-01-08 06:57:00,2025-01-08 08:34:00,laptop,Germany,password,False,1
S00329,U006,2025-01-09 12:00:00,2025-01-09 15:01:00,laptop,USA,password,False,2
S00330,U006,2025-01-14 11:05:00,2025-01-14 13:37:00,laptop,India,password,True,2
S00331,U006,2025-01-15 10:37:00,2025-01-15 12:21:00,workstation,India,password+token,False,0
S00332,U006,2025-01-17 11:44:00,2025-01-17 13:20:00,laptop,India,password+token,True,0
S00333,U006,2025-01-21 07:17:00,2025-01-21 09:01:00,laptop,USA,password,True,2
S00334,U006,2025-01-21 09:43:00,2025-01-21 11:36:00,laptop,Singapore,password+token,True,1
S00335,U006,2025-01-21 13:29:00,2025-01-21 16:07:00,laptop,India,password,False,0
S00336,U006,2025-01-22 08:11:00,2025-01-22 09:18:00,laptop,Germany,password,False,1
S00337,U006,2025-01-22 10:01:00,2025-01-22 10:22:00,laptop,India,password,True,1
S00338,U006,2025-01-22 10:43:00,2025-01-22 12:59:00,workstation,India,password+token,True,0
S00339,U006,2025-01-24 08:11:00,2025-01-24 10:54:00,workstation,India,password,True,1
S00340,U006,2025-01-27 10:31:00,2025-01-27 12:40:00,laptop,USA,password,True,1
S00341,U006,2025-01-29 07:48:00,2025-01-29 11:12:00,workstation,India,password,True,1
S00342,U006,2025-01-30 06:58:00,2025-01-30 08:58:00,workstation,India,password+token,True,0
S00343,U006,2025-02-01 08:18:00,2025-02-01 11:13:00,vpn,India,password+token,True,1
S00344,U006,2025-02-01 12:18:00,2025-02-01 15:30:00,laptop,Germany,password+token,True,0
S00345,U006,2025-02-01 16:53:00,2025-02-01 19:00:00,vpn,India,password+token,True,1
S00346,U006,2025-02-04 11:15:00,2025-02-04 12:53:00,laptop,Germany,password+token,True,0
S00347,U006,2025-02-04 14:24:00,2025-02-04 15:37:00,laptop,USA,password,False,1
S00348,U006,2025-02-04 16:24:00,2025-02-04 18:16:00,laptop,Singapore,password+token,True,2
S00349,U006,2025-02-05 10:41:00,2025-02-05 13:40:00,workstation,Singapore,password,False,1
S00350,U006,2025-02-05 15:33:00,2025-02-05 17:48:00,workstation,India,password,True,2
S00351,U006,2025-02-06 10:14:00,2025-02-06 13:36:00,laptop,USA,password+token,True,0
S00352,U006,2025-02-07 10:36:00,2025-02-07 12:10:00,laptop,USA,password,True,1
S00353,U006,2025-02-10 10:23:00,2025-02-10 12:26:00,workstation,Germany,password+token,True,0
S00354,U006,2025-02-11 10:45:00,2025-02-11 13:56:00,vpn,India,password+token,True,2
S00355,U006,2025-02-11 14:27:00,2025-02-11 15:54:00,workstation,India,password,True,2
S00356,U006,2025-02-11 17:02:00,2025-02-11 18:25:00,workstation,India,password,False,0
S00357,U006,2025-02-14 11:36:00,2025-02-14 13:27:00,workstation,USA,password,False,0
S00358,U007,2025-01-01 09:30:00,2025-01-01 11:24:00,laptop,India,password+token,True,1
S00359,U007,2025-01-01 12:38:00,2025-01-01 14:15:00,workstation,India,password+token,True,1
S00360,U007,2025-01-02 08:42:00,2025-01-02 09:07:00,vpn,USA,password+token,False,1
S00361,U007,2025-01-03 06:26:00,2025-01-03 08:16:00,workstation,India,password+token,True,2
S00362,U007,2025-01-04 08:32:00,2025-01-04 10:05:00,vpn,India,password+token,True,1
S00363,U007,2025-01-04 11:26:00,2025-01-04 14:09:00,laptop,India,password,True,1
S00364,U007,2025-01-04 14:38:00,2025-01-04 15:37:00,vpn,India,password+token,True,1
S00365,U007,2025-01-06 09:10:00,2025-01-06 10:05:00,laptop,India,password,True,4
S00366,U007,2025-01-06 11:07:00,2025-01-06 12:23:00,laptop,Singapore,password+token,True,3
S00367,U007,2025-01-07 10:26:00,2025-01-07 12:52:00,workstation,Germany,password,False,2
S00368,U007,2025-01-07 14:20:00,2025-01-07 16:51:00,laptop,India,password,True,1
S00369,U007,2025-01-07 17:35:00,2025-01-07 20:11:00,laptop,India,password+token,True,0
S00370,U007,2025-01-09 09:02:00,2025-01-09 10:50:00,workstation,India,password+token,False,0
S00371,U007,2025-01-10 07:31:00,2025-01-10 09:13:00,laptop,India,password+token,False,1
S00372,U007,2025-01-13 06:25:00,2025-01-13 08:20:00,workstation,Germany,password,False,1
S00373,U007,2025-01-13 09:41:00,2025-01-13 10:22:00,laptop,India,password,False,1
S00374,U007,2025-01-14 07:29:00,2025-01-14 09:52:00,laptop,Singapore,password,True,0
S00375,U007,2025-01-14 11:04:00,2025-01-14 12:55:00,laptop,India,password+token,True,1
S00376,U007,2025-01-16 10:39:00,2025-01-16 11:48:00,workstation,India,password,True,2
S00377,U007,2025-01-16 13:33:00,2025-01-16 15:43:00,laptop,India,password,False,1
S00378,U007,2025-01-16 17:28:00,2025-01-16 20:00:00,laptop,India,password+token,False,0
S00379,U007,2025-01-17 06:55:00,2025-01-17 09:07:00,laptop,India,password,True,0
S00380,U007,2025-01-17 09:47:00,2025-01-17 11:37:00,laptop,India,password,True,0
S00381,U007,2025-01-17 13:32:00,2025-01-17 15:37:00,workstation,Germany,password+token,True,0
S00382,U007,2025-01-19 09:21:00,2025-01-19 11:04:00,laptop,India,password+token,False,1
S00383,U007,2025-01-21 09:25:00,2025-01-21 11:42:00,laptop,India,password+token,True,2
S00384,U007,2025-01-22 09:10:00,2025-01-22 11:00:00,laptop,India,password,True,0
S00385,U007,2025-01-22 12:37:00,2025-01-22 13:58:00,laptop,India,password,True,2
S00386,U007,2025-01-23 08:53:00,2025-01-23 11:51:00,laptop,India,password+token,False,2
S00387,U007,2025-01-24 10:39:00,2025-01-24 11:41:00,vpn,India,password+token,False,1
S00388,U007,2025-01-24 12:11:00,2025-01-24 14:48:00,laptop,India,password+token,False,2
S00389,U007,2025-01-27 12:50:00,2025-01-27 16:04:00,laptop,Singapore,password,True,0
S00390,U007,2025-01-27 16:59:00,2025-01-27 18:13:00,laptop,India,password,True,3
S00391,U007,2025-01-28 06:06:00,2025-01-28 08:51:00,vpn,India,password+token,True,1
S00392,U007,2025-01-28 09:25:00,2025-01-28 10:50:00,laptop,Germany,password+token,True,0
S00393,U007,2025-01-28 12:03:00,2025-01-28 13:56:00,laptop,India,password,True,0
S00394,U007,2025-01-29 07:41:00,2025-01-29 08:43:00,vpn,India,password+token,True,0
S00395,U007,2025-01-29 10:42:00,2025-01-29 12:55:00,laptop,India,password,False,3
S00396,U007,2025-01-29 14:08:00,2025-01-29 15:53:00,laptop,India,password+token,True,1
S00397,U007,2025-01-30 09:13:00,2025-01-30 10:25:00,laptop,India,password+token,False,1
S00398,U007,2025-01-30 12:13:00,2025-01-30 13:44:00,vpn,India,password+token,False,1
S00399,U007,2025-01-30 15:05:00,2025-01-30 16:29:00,workstation,India,password+token,True,2
S00400,U007,2025-01-31 11:44:00,2025-01-31 12:47:00,laptop,India,password+token,True,0
S00401,U007,2025-01-31 13:19:00,2025-01-31 15:39:00,laptop,India,password+token,False,1
S00402,U007,2025-02-01 06:20:00,2025-02-01 08:47:00,vpn,India,password+token,True,0
S00403,U007,2025-02-01 10:12:00,2025-02-01 10:39:00,laptop,India,password,True,1
S00404,U007,2025-02-03 07:54:00,2025-02-03 09:47:00,laptop,India,password+token,True,1
S00405,U007,2025-02-04 10:45:00,2025-02-04 12:12:00,laptop,USA,password+token,False,0
S00406,U007,2025-02-04 12:36:00,2025-02-04 12:56:00,laptop,USA,password+token,True,0
S00407,U007,2025-02-05 08:56:00,2025-02-05 10:10:00,laptop,India,password,True,2
S00408,U007,2025-02-05 11:39:00,2025-02-05 12:48:00,workstation,India,password,True,1
S00409,U007,2025-02-05 13:48:00,2025-02-05 15:17:00,laptop,India,password+token,False,2
S00410,U007,2025-02-06 07:39:00,2025-02-06 09:24:00,laptop,India,password,False,0
S00411,U007,2025-02-06 10:05:00,2025-02-06 11:59:00,workstation,India,password+token,True,1
S00412,U007,2025-02-06 13:01:00,2025-02-06 14:24:00,laptop,India,password+token,False,1
S00413,U007,2025-02-07 07:41:00,2025-02-07 10:25:00,laptop,India,password+token,False,2
S00414,U007,2025-02-07 11:27:00,2025-02-07 13:50:00,workstation,USA,password+token,True,2
S00415,U007,2025-02-10 06:23:00,2025-02-10 07:25:00,workstation,India,password,False,3
S00416,U007,2025-02-12 09:22:00,2025-02-12 11:23:00,laptop,India,password,False,2
S00417,U007,2025-02-12 12:50:00,2025-02-12 13:45:00,workstation,India,password+token,True,1
S00418,U007,2025-02-12 15:04:00,2025-02-12 17:42:00,workstation,India,password,True,1
S00419,U007,2025-02-14 08:58:00,2025-02-14 09:29:00,laptop,India,password+token,False,1
S00420,U008,2025-01-02 06:15:00,2025-01-02 08:25:00,vpn,India,password+token,True,1
S00421,U008,2025-01-02 10:06:00,2025-01-02 11:28:00,laptop,India,password+token,False,1
S00422,U008,2025-01-02 13:02:00,2025-01-02 15:17:00,laptop,India,password,True,1
S00423,U008,2025-01-03 11:40:00,2025-01-03 12:48:00,laptop,India,password,True,1
S00424,U008,2025-01-05 12:48:00,2025-01-05 14:38:00,laptop,India,password+token,False,0
S00425,U008,2025-01-05 16:33:00,2025-01-05 17:56:00,laptop,Germany,password+token,True,1
S00426,U008,2025-01-05 19:28:00,2025-01-05 22:02:00,laptop,India,password,True,0
S00427,U008,2025-01-06 12:12:00,2025-01-06 14:12:00,laptop,India,password,True,1
S00428,U008,2025-01-07 06:19:00,2025-01-07 08:42:00,vpn,India,password+token,True,2
S00429,U008,2025-01-08 12:37:00,2025-01-08 13:36:00,laptop,India,password,True,1
S00430,U008,2025-01-08 15:33:00,2025-01-08 17:49:00,workstation,India,password+token,True,1
S00431,U008,2025-01-09 11:18:00,2025-01-09 12:17:00,laptop,India,password,True,1
S00432,U008,2025-01-09 13:03:00,2025-01-09 15:34:00,vpn,India,password+token,True,0
S00433,U008,2025-01-10 12:40:00,2025-01-10 13:49:00,laptop,India,password+token,True,2
S00434,U008,2025-01-10 15:20:00,2025-01-10 16:50:00,laptop,USA,password,True,0
S00435,U008,2025-01-12 11:07:00,2025-01-12 12:31:00,laptop,India,password,True,0
S00436,U008,2025-01-13 11:14:00,2025-01-13 12:02:00,laptop,India,password,False,0
S00437,U008,2025-01-13 13:24:00,2025-01-13 14:53:00,vpn,India,password+token,False,1
S00438,U008,2025-01-13 16:10:00,2025-01-13 18:07:00,laptop,India,password+token,True,0
S00439,U008,2025-01-14 12:50:00,2025-01-14 14:36:00,laptop,Germany,password,True,1
S00440,U008,2025-01-15 11:32:00,2025-01-15 14:31:00,laptop,USA,password,True,0
S00441,U008,2025-01-15 15:54:00,2025-01-15 17:32:00,laptop,India,password,False,0
S00442,U008,2025-01-15 18:44:00,2025-01-15 20:18:00,laptop,USA,password,False,0
S00443,U008,2025-01-16 11:58:00,2025-01-16 13:07:00,laptop,India,password+token,True,0
S00444,U008,2025-01-16 13:29:00,2025-01-16 14:53:00,laptop,India,password,False,0
S00445,U008,2025-01-17 11:47:00,2025-01-17 13:32:00,vpn,India,password+token,True,1
S00446,U008,2025-01-20 11:38:00,2025-01-20 12:59:00,laptop,USA,password+token,True,2
S00447,U008,2025-01-21 12:55:00,2025-01-21 14:29:00,laptop,Singapore,password+token,False,1
S00448,U008,2025-01-23 06:13:00,2025-01-23 08:54:00,laptop,India,password+token,True,0
S00449,U008,2025-01-23 09:46:00,2025-01-23 12:24:00,laptop,Singapore,password,True,1
S00450,U008,2025-01-29 12:42:00,2025-01-29 13:57:00,laptop,India,password+token,True,1
S00451,U008,2025-01-31 06:21:00,2025-01-31 08:23:00,laptop,USA,password+token,True,0
S00452,U008,2025-01-31 08:46:00,2025-01-31 11:02:00,laptop,India,password,True,0
S00453,U008,2025-02-03 11:35:00,2025-02-03 13:44:00,laptop,India,password+token,True,0
S00454,U008,2025-02-03 15:04:00,2025-02-03 16:45:00,laptop,India,password,True,0
S00455,U008,2025-02-04 12:21:00,2025-02-04 14:54:00,laptop,Singapore,password,True,1
S00456,U008,2025-02-06 12:58:00,2025-02-06 14:58:00,laptop,India,password,True,0
S00457,U008,2025-02-07 12:18:00,2025-02-07 12:48:00,laptop,India,password,True,0
S00458,U008,2025-02-10 11:46:00,2025-02-10 13:38:00,laptop,India,password+token,True,1
S00459,U008,2025-02-11 11:36:00,2025-02-11 13:16:00,laptop,USA,password+token,True,0
S00460,U008,2025-02-11 14:21:00,2025-02-11 15:13:00,laptop,India,password+token,True,1
S00461,U008,2025-02-11 16:24:00,2025-02-11 18:10:00,laptop,India,password,True,0
S00462,U008,2025-02-13 11:22:00,2025-02-13 13:51:00,laptop,India,password+token,True,0
S00463,U008,2025-02-14 12:30:00,2025-02-14 13:54:00,laptop,India,password,True,1
S00464,U008,2025-02-14 14:34:00,2025-02-14 16:15:00,workstation,India,password,True,0
S00465,U008,2025-02-15 12:02:00,2025-02-15 13:53:00,laptop,India,password+token,True,0
S00466,U009,2025-01-01 08:06:00,2025-01-01 09:15:00,laptop,India,password+token,True,0
S00467,U009,2025-01-02 06:26:00,2025-01-02 08:32:00,laptop,India,password,False,2
S00468,U009,2025-01-02 10:26:00,2025-01-02 11:40:00,laptop,India,password,True,0
S00469,U009,2025-01-02 12:21:00,2025-01-02 13:13:00,vpn,India,password+token,False,1
S00470,U009,2025-01-07 08:44:00,2025-01-07 09:48:00,laptop,India,password+token,True,1
S00471,U009,2025-01-07 11:33:00,2025-01-07 13:35:00,laptop,India,password,False,2
S00472,U009,2025-01-07 15:00:00,2025-01-07 16:06:00,laptop,Singapore,password+token,True,2
S00473,U009,2025-01-08 09:14:00,2025-01-08 10:14:00,laptop,India,password+token,True,1
S00474,U009,2025-01-09 09:13:00,2025-01-09 11:00:00,laptop,India,password,True,1
S00475,U009,2025-01-09 12:49:00,2025-01-09 14:05:00,laptop,India,password,False,0
S00476,U009,2025-01-09 14:32:00,2025-01-09 16:44:00,laptop,India,password,True,1
S00477,U009,2025-01-13 10:41:00,2025-01-13 11:33:00,laptop,India,password+token,True,2
S00478,U009,2025-01-14 10:16:00,2025-01-14 12:15:00,laptop,India,password+token,True,1
S00479,U009,2025-01-16 10:43:00,2025-01-16 11:27:00,laptop,India,password+token,False,0
S00480,U009,2025-01-16 12:02:00,2025-01-16 12:39:00,laptop,Singapore,password,True,1
S00481,U009,2025-01-16 13:58:00,2025-01-16 14:18:00,laptop,India,password,True,3
S00482,U009,2025-01-19 09:53:00,2025-01-19 10:46:00,workstation,India,password,True,2
S00483,U009,2025-01-21 11:29:00,2025-01-21 12:24:00,laptop,India,password,True,1
S00484,U009,2025-01-22 06:43:00,2025-01-22 07:53:00,laptop,India,password+token,True,0
S00485,U009,2025-01-23 11:15:00,2025-01-23 12:36:00,workstation,India,password,False,3
S00486,U009,2025-01-23 13:50:00,2025-01-23 14:36:00,laptop,India,password,False,2
S00487,U009,2025-01-27 08:30:00,2025-01-27 09:36:00,laptop,India,password,True,1
S00488,U009,2025-01-27 10:49:00,2025-01-27 12:13:00,vpn,India,password+token,False,0
S00489,U009,2025-01-28 10:15:00,2025-01-28 12:10:00,laptop,India,password,True,0
S00490,U009,2025-01-29 07:56:00,2025-01-29 09:25:00,laptop,India,password,True,1
S00491,U009,2025-01-29 09:52:00,2025-01-29 11:06:00,laptop,India,password,True,2
S00492,U009,2025-01-29 11:48:00,2025-01-29 13:24:00,laptop,India,password,True,0
S00493,U009,2025-02-03 07:45:00,2025-02-03 09:09:00,laptop,India,password+token,False,1
S00494,U009,2025-02-03 10:32:00,2025-02-03 11:38:00,laptop,India,password,True,3
S00495,U009,2025-02-03 13:05:00,2025-02-03 13:25:00,vpn,India,password+token,True,0
S00496,U009,2025-02-05 08:40:00,2025-02-05 09:11:00,laptop,India,password,True,0
S00497,U009,2025-02-10 10:10:00,2025-02-10 11:34:00,laptop,India,password+token,False,2
S00498,U009,2025-02-10 12:43:00,2025-02-10 13:24:00,workstation,India,password,True,0
S00499,U009,2025-02-10 14:22:00,2025-02-10 14:47:00,laptop,Singapore,password,True,0
S00500,U009,2025-02-11 10:05:00,2025-02-11 11:55:00,workstation,India,password,True,0
S00501,U009,2025-02-11 13:05:00,2025-02-11 14:11:00,workstation,Singapore,password,True,1
S00502,U009,2025-02-12 06:03:00,2025-02-12 07:20:00,vpn,Singapore,password+token,True,0
S00503,U009,2025-02-13 07:09:00,2025-02-13 08:06:00,workstation,India,password,True,1
S00504,U009,2025-02-13 10:01:00,2025-02-13 10:22:00,laptop,India,password,True,0
S00505,U009,2025-02-14 09:36:00,2025-02-14 10:55:00,laptop,Singapore,password+token,False,1
S00506,U010,2025-01-01 08:28:00,2025-01-01 10:50:00,laptop,India,password,True,2
S00507,U010,2025-01-02 07:22:00,2025-01-02 09:43:00,laptop,India,password+token,True,1
S00508,U010,2025-01-02 10:56:00,2025-01-02 12:51:00,laptop,India,password+token,True,0
S00509,U010,2025-01-03 08:41:00,2025-01-03 10:39:00,workstation,Germany,password,False,1
S00510,U010,2025-01-03 12:18:00,2025-01-03 14:08:00,laptop,Germany,password,True,3
S00511,U010,2025-01-03 15:39:00,2025-01-03 17:48:00,workstation,USA,password+token,True,0
S00512,U010,2025-01-05 10:25:00,2025-01-05 12:50:00,vpn,Germany,password+token,False,0
S00513,U010,2025-01-05 14:02:00,2025-01-05 16:44:00,laptop,USA,password,True,1
S00514,U010,2025-01-06 06:00:00,2025-01-06 09:56:00,laptop,India,password,True,0
S00515,U010,2025-01-06 11:00:00,2025-01-06 13:54:00,workstation,Germany,password,True,4
S00516,U010,2025-01-06 14:37:00,2025-01-06 16:56:00,vpn,India,password+token,False,2
S00517,U010,2025-01-07 07:25:00,2025-01-07 09:35:00,laptop,India,password,True,0
S00518,U010,2025-01-07 10:47:00,2025-01-07 12:25:00,laptop,India,password+token,True,0
S00519,U010,2025-01-07 12:58:00,2025-01-07 15:45:00,laptop,Singapore,password,True,2
S00520,U010,2025-01-10 06:11:00,2025-01-10 09:43:00,laptop,India,password,True,1
S00521,U010,2025-01-10 11:14:00,2025-01-10 12:42:00,laptop,USA,password+token,True,3
S00522,U010,2025-01-10 13:52:00,2025-01-10 15:37:00,laptop,India,password+token,False,1
S00523,U010,2025-01-14 10:47:00,2025-01-14 13:55:00,vpn,India,password+token,True,1
S00524,U010,2025-01-14 15:15:00,2025-01-14 18:28:00,vpn,USA,password+token,True,3
S00525,U010,2025-01-17 08:41:00,2025-01-17 11:48:00,vpn,Germany,password+token,False,1
S00526,U010,2025-01-20 08:03:00,2025-01-20 09:18:00,laptop,India,password,True,0
S00527,U010,2025-01-21 08:02:00,2025-01-21 11:01:00,workstation,India,password,True,1
S00528,U010,2025-01-23 11:56:00,2025-01-23 12:52:00,workstation,Singapore,password,False,2
S00529,U010,2025-01-23 13:29:00,2025-01-23 16:07:00,laptop,Germany,password+token,True,0
S00530,U010,2025-01-24 07:46:00,2025-01-24 08:13:00,workstation,USA,password,False,1
S00531,U010,2025-01-24 08:36:00,2025-01-24 09:13:00,laptop,USA,password,True,1
S00532,U010,2025-01-24 10:55:00,2025-01-24 13:04:00,laptop,Germany,password,True,0
S00533,U010,2025-01-26 07:33:00,2025-01-26 09:21:00,vpn,USA,password+token,True,1
S00534,U010,2025-01-26 11:06:00,2025-01-26 13:54:00,laptop,Germany,password,False,3
S00535,U010,2025-01-27 08:43:00,2025-01-27 10:22:00,laptop,India,password+token,True,1
S00536,U010,2025-01-27 10:43:00,2025-01-27 13:20:00,laptop,USA,password,True,0
S00537,U010,2025-01-27 14:43:00,2025-01-27 16:18:00,laptop,USA,password,True,2
S00538,U010,2025-01-29 06:16:00,2025-01-29 08:42:00,laptop,India,password,False,1
S00539,U010,2025-01-30 07:41:00,2025-01-30 10:01:00,laptop,India,password+token,True,1
S00540,U010,2025-01-31 08:18:00,2025-01-31 10:07:00,workstation,India,password,True,0
S00541,U010,2025-02-03 07:46:00,2025-02-03 10:31:00,vpn,India,password+token,True,1
S00542,U010,2025-02-04 07:50:00,2025-02-04 09:44:00,laptop,USA,password,False,0
S00543,U010,2025-02-05 08:56:00,2025-02-05 10:45:00,laptop,Singapore,password,False,1
S00544,U010,2025-02-05 12:15:00,2025-02-05 14:26:00,workstation,Singapore,password,True,2
S00545,U010,2025-02-05 15:32:00,2025-02-05 16:29:00,laptop,India,password+token,True,2
S00546,U010,2025-02-06 06:40:00,2025-02-06 07:29:00,laptop,India,password,False,1
S00547,U010,2025-02-06 07:50:00,2025-02-06 10:26:00,workstation,India,password+token,False,1
S00548,U010,2025-02-06 10:57:00,2025-02-06 14:17:00,laptop,Germany,password,True,1
S00549,U010,2025-02-08 07:04:00,2025-02-08 10:04:00,laptop,Germany,password+token,True,1
S00550,U010,2025-02-08 11:52:00,2025-02-08 15:02:00,laptop,India,password,True,0
S00551,U010,2025-02-10 11:42:00,2025-02-10 14:10:00,laptop,Germany,password+token,True,1
S00552,U010,2025-02-10 14:45:00,2025-02-10 16:29:00,laptop,India,password+token,False,1
S00553,U010,2025-02-11 08:32:00,2025-02-11 09:52:00,laptop,Singapore,password,True,0
S00554,U010,2025-02-13 06:06:00,2025-02-13 07:38:00,workstation,India,password,False,2
S00555,U010,2025-02-14 08:20:00,2025-02-14 10:45:00,workstation,India,password,True,2
S00556,U010,2025-02-14 12:24:00,2025-02-14 12:44:00,laptop,India,password+token,False,1
S00557,U011,2025-01-01 06:31:00,2025-01-01 08:37:00,laptop,USA,password+token,True,0
S00558,U011,2025-01-01 10:21:00,2025-01-01 11:54:00,workstation,India,password+token,True,0
S00559,U011,2025-01-01 13:23:00,2025-01-01 15:40:00,laptop,India,password,True,2
S00560,U011,2025-01-07 08:51:00,2025-01-07 11:30:00,workstation,India,password+token,True,1
S00561,U011,2025-01-07 11:52:00,2025-01-07 13:54:00,laptop,India,password+token,True,1
S00562,U011,2025-01-08 07:34:00,2025-01-08 08:59:00,laptop,India,password+token,True,0
S00563,U011,2025-01-09 07:50:00,2025-01-09 09:44:00,vpn,India,password+token,True,2
S00564,U011,2025-01-10 06:45:00,2025-01-10 08:55:00,laptop,Germany,password,True,1
S00565,U011,2025-01-10 09:24:00,2025-01-10 10:48:00,vpn,India,password+token,True,0
S00566,U011,2025-01-13 07:27:00,2025-01-13 09:02:00,laptop,India,password,False,0
S00567,U011,2025-01-13 09:39:00,2025-01-13 10:34:00,workstation,India,password+token,False,0
S00568,U011,2025-01-13 12:22:00,2025-01-13 14:47:00,laptop,India,password+token,False,1
S00569,U011,2025-01-14 10:06:00,2025-01-14 11:32:00,laptop,India,password,True,0
S00570,U011,2025-01-16 09:43:00,2025-01-16 12:37:00,laptop,India,password+token,True,0
S00571,U011,2025-01-17 07:20:00,2025-01-17 09:13:00,laptop,India,password,True,0
S00572,U011,2025-01-20 10:26:00,2025-01-20 11:40:00,laptop,India,password+token,False,0
S00573,U011,2025-01-22 08:36:00,2025-01-22 10:39:00,laptop,India,password+token,True,3
S00574,U011,2025-01-22 10:59:00,2025-01-22 12:46:00,laptop,India,password,True,0
S00575,U011,2025-01-23 08:49:00,2025-01-23 11:31:00,workstation,India,password,False,0
S00576,U011,2025-01-24 06:25:00,2025-01-24 08:45:00,laptop,India,password,True,0
S00577,U011,2025-01-24 09:08:00,2025-01-24 10:53:00,laptop,India,password,True,0
S00578,U011,2025-01-26 07:28:00,2025-01-26 09:22:00,workstation,India,password,True,0
S00579,U011,2025-01-28 08:59:00,2025-01-28 10:58:00,laptop,India,password,True,1
S00580,U011,2025-01-28 11:30:00,2025-01-28 12:35:00,laptop,India,password,False,0
S00581,U011,2025-01-28 14:25:00,2025-01-28 15:51:00,workstation,Singapore,password+token,False,0
S00582,U011,2025-01-29 07:44:00,2025-01-29 09:49:00,laptop,India,password,True,1
S00583,U011,2025-01-29 10:14:00,2025-01-29 12:15:00,laptop,India,password+token,True,2
S00584,U011,2025-01-29 13:05:00,2025-01-29 14:34:00,laptop,India,password,True,0
S00585,U011,2025-02-03 07:33:00,2025-02-03 09:36:00,laptop,India,password,True,0
S00586,U011,2025-02-04 08:39:00,2025-02-04 10:03:00,vpn,India,password+token,True,0
S00587,U011,2025-02-05 07:26:00,2025-02-05 09:58:00,workstation,India,password,True,0
S00588,U011,2025-02-05 10:47:00,2025-02-05 12:06:00,laptop,India,password,True,1
S00589,U011,2025-02-05 12:55:00,2025-02-05 13:28:00,laptop,India,password,True,1
S00590,U011,2025-02-07 07:27:00,2025-02-07 09:45:00,laptop,India,password+token,True,0
S00591,U011,2025-02-10 09:03:00,2025-02-10 10:23:00,laptop,India,password,False,0
S00592,U011,2025-02-10 11:22:00,2025-02-10 13:11:00,workstation,India,password,True,0
S00593,U011,2025-02-11 07:52:00,2025-02-11 09:38:00,laptop,USA,password,True,0
S00594,U011,2025-02-12 09:18:00,2025-02-12 12:39:00,vpn,India,password+token,True,0
S00595,U011,2025-02-13 06:19:00,2025-02-13 06:55:00,laptop,India,password+token,True,1
S00596,U011,2025-02-14 11:26:00,2025-02-14 13:18:00,laptop,India,password,False,0
S00597,U012,2025-01-01 06:35:00,2025-01-01 09:14:00,vpn,India,password+token,True,0
S00598,U012,2025-01-02 07:36:00,2025-01-02 11:51:00,laptop,India,password+token,True,0
S00599,U012,2025-01-03 06:36:00,2025-01-03 10:32:00,vpn,India,password+token,True,0
S00600,U012,2025-01-06 08:31:00,2025-01-06 10:24:00,workstation,Germany,password,True,1
S00601,U012,2025-01-06 11:03:00,2025-01-06 14:25:00,workstation,USA,password,True,0
S00602,U012,2025-01-06 15:14:00,2025-01-06 18:21:00,workstation,India,password+token,False,0
S00603,U012,2025-01-07 06:12:00,2025-01-07 09:33:00,vpn,Germany,password+token,True,0
S00604,U012,2025-01-08 06:18:00,2025-01-08 10:27:00,vpn,Singapore,password+token,True,0
S00605,U012,2025-01-09 06:14:00,2025-01-09 09:55:00,workstation,USA,password,True,1
S00606,U012,2025-01-10 06:36:00,2025-01-10 07:54:00,workstation,India,password,True,0
S00607,U012,2025-01-10 08:45:00,2025-01-10 09:19:00,vpn,Germany,password+token,True,1
S00608,U012,2025-01-12 06:11:00,2025-01-12 09:51:00,vpn,Singapore,password+token,True,0
S00609,U012,2025-01-12 11:26:00,2025-01-12 15:06:00,laptop,India,password,True,1
S00610,U012,2025-01-13 06:31:00,2025-01-13 09:49:00,workstation,USA,password+token,True,1
S00611,U012,2025-01-13 11:30:00,2025-01-13 15:03:00,vpn,Singapore,password+token,True,0
S00612,U012,2025-01-14 06:01:00,2025-01-14 08:31:00,vpn,USA,password+token,True,2
S00613,U012,2025-01-16 06:52:00,2025-01-16 09:17:00,laptop,Singapore,password+token,True,0
S00614,U012,2025-01-16 11:03:00,2025-01-16 12:54:00,vpn,Germany,password+token,True,0
S00615,U012,2025-01-17 09:16:00,2025-01-17 10:53:00,workstation,India,password,True,0
S00616,U012,2025-01-19 06:10:00,2025-01-19 07:23:00,vpn,Germany,password+token,True,1
S00617,U012,2025-01-19 09:09:00,2025-01-19 12:17:00,vpn,Germany,password+token,True,1
S00618,U012,2025-01-19 13:06:00,2025-01-19 16:23:00,workstation,India,password,True,2
S00619,U012,2025-01-20 06:44:00,2025-01-20 09:48:00,vpn,India,password+token,True,1
S00620,U012,2025-01-21 06:21:00,2025-01-21 10:28:00,workstation,Singapore,password,True,2
S00621,U012,2025-01-21 11:07:00,2025-01-21 13:23:00,workstation,Singapore,password+token,True,1
S00622,U012,2025-01-21 14:44:00,2025-01-21 18:11:00,workstation,India,password,True,1
S00623,U012,2025-01-22 06:58:00,2025-01-22 09:34:00,laptop,Singapore,password,True,1
S00624,U012,2025-01-24 06:23:00,2025-01-24 10:43:00,workstation,Singapore,password,True,2
S00625,U012,2025-01-24 11:23:00,2025-01-24 14:06:00,vpn,USA,password+token,True,0
S00626,U012,2025-01-27 06:00:00,2025-01-27 08:37:00,workstation,USA,password,True,0
S00627,U012,2025-01-27 09:34:00,2025-01-27 10:19:00,workstation,Germany,password,True,1
S00628,U012,2025-01-28 06:47:00,2025-01-28 10:06:00,workstation,India,password+token,True,2
S00629,U012,2025-01-29 07:29:00,2025-01-29 10:08:00,workstation,India,password+token,True,1
S00630,U012,2025-01-30 07:51:00,2025-01-30 10:32:00,vpn,India,password+token,True,0
S00631,U012,2025-01-30 11:20:00,2025-01-30 14:35:00,workstation,Germany,password,True,1
S00632,U012,2025-01-30 15:16:00,2025-01-30 17:25:00,workstation,Germany,password+token,True,2
S00633,U012,2025-01-31 06:51:00,2025-01-31 09:18:00,vpn,USA,password+token,True,2
S00634,U012,2025-01-31 10:07:00,2025-01-31 13:41:00,workstation,India,password+token,True,0
S00635,U012,2025-01-31 14:24:00,2025-01-31 16:06:00,laptop,India,password,True,0
S00636,U012,2025-02-01 06:39:00,2025-02-01 09:53:00,workstation,USA,password,False,0
S00637,U012,2025-02-02 06:20:00,2025-02-02 07:38:00,laptop,India,password+token,False,1
S00638,U012,2025-02-03 06:07:00,2025-02-03 10:32:00,workstation,Singapore,password,True,1
S00639,U012,2025-02-03 12:25:00,2025-02-03 15:03:00,workstation,USA,password,True,1
S00640,U012,2025-02-03 15:25:00,2025-02-03 19:20:00,workstation,India,password,True,0
S00641,U012,2025-02-04 07:52:00,2025-02-04 12:33:00,workstation,USA,password,True,0
S00642,U012,2025-02-05 09:46:00,2025-02-05 13:18:00,workstation,India,password,True,0
S00643,U012,2025-02-06 06:28:00,2025-02-06 09:22:00,vpn,India,password+token,True,0
S00644,U012,2025-02-06 10:40:00,2025-02-06 13:00:00,workstation,Singapore,password+token,False,3
S00645,U012,2025-02-07 06:12:00,2025-02-07 08:58:00,vpn,Singapore,password+token,True,0
S00646,U012,2025-02-08 06:25:00,2025-02-08 08:44:00,workstation,Germany,password+token,True,0
S00647,U012,2025-02-08 09:11:00,2025-02-08 10:54:00,laptop,India,password,True,0
S00648,U012,2025-02-09 06:03:00,2025-02-09 07:10:00,workstation,Germany,password,True,1
S00649,U012,2025-02-10 07:39:00,2025-02-10 10:59:00,vpn,India,password+token,True,1
S00650,U012,2025-02-10 12:18:00,2025-02-10 15:34:00,laptop,India,password,True,1
S00651,U012,2025-02-11 06:22:00,2025-02-11 09:25:00,vpn,India,password+token,False,0
S00652,U012,2025-02-13 06:51:00,2025-02-13 10:39:00,vpn,Singapore,password+token,True,0
S00653,U012,2025-02-14 07:32:00,2025-02-14 09:18:00,workstation,India,password+token,True,1
S00654,U012,2025-02-14 11:09:00,2025-02-14 13:11:00,workstation,Singapore,password,True,1
S00655,U012,2025-02-14 14:17:00,2025-02-14 16:57:00,vpn,USA,password+token,True,0
S00656,U012,2025-02-15 06:14:00,2025-02-15 08:54:00,workstation,USA,password+token,True,0
S00657,U012,2025-02-15 09:40:00,2025-02-15 13:05:00,workstation,India,password,True,1
S00658,U012,2025-02-15 14:33:00,2025-02-15 17:53:00,workstation,Germany,password,True,0
S00659,U013,2025-01-01 11:09:00,2025-01-01 13:34:00,laptop,India,password+token,False,1
S00660,U013,2025-01-01 14:52:00,2025-01-01 16:30:00,vpn,India,password+token,False,0
S00661,U013,2025-01-01 17:45:00,2025-01-01 19:35:00,laptop,India,password,False,0
S00662,U013,2025-01-02 10:46:00,2025-01-02 11:59:00,vpn,India,password+token,True,1
S00663,U013,2025-01-02 12:58:00,2025-01-02 15:08:00,workstation,India,password+token,False,0
S00664,U013,2025-01-04 08:32:00,2025-01-04 09:15:00,vpn,USA,password+token,True,0
S00665,U013,2025-01-06 09:52:00,2025-01-06 11:25:00,laptop,Germany,password,False,0
S00666,U013,2025-01-06 13:00:00,2025-01-06 15:28:00,laptop,India,password,True,0
S00667,U013,2025-01-07 09:09:00,2025-01-07 12:06:00,laptop,India,password,True,0
S00668,U013,2025-01-09 07:38:00,2025-01-09 09:36:00,workstation,India,password,True,0
S00669,U013,2025-01-09 11:07:00,2025-01-09 13:41:00,laptop,India,password+token,True,0
S00670,U013,2025-01-10 07:20:00,2025-01-10 09:23:00,laptop,India,password,True,1
S00671,U013,2025-01-12 08:13:00,2025-01-12 11:07:00,workstation,India,password+token,True,1
S00672,U013,2025-01-13 06:50:00,2025-01-13 08:16:00,workstation,Singapore,password+token,False,1
S00673,U013,2025-01-15 06:19:00,2025-01-15 09:35:00,vpn,India,password+token,False,0
S00674,U013,2025-01-17 08:17:00,2025-01-17 09:51:00,workstation,India,password+token,True,0
S00675,U013,2025-01-20 09:17:00,2025-01-20 11:38:00,vpn,India,password+token,True,0
S00676,U013,2025-01-21 12:32:00,2025-01-21 14:50:00,laptop,India,password,True,1
S00677,U013,2025-01-22 06:49:00,2025-01-22 08:15:00,workstation,India,password,False,1
S00678,U013,2025-01-23 07:01:00,2025-01-23 08:46:00,workstation,India,password,True,1
S00679,U013,2025-01-23 09:57:00,2025-01-23 12:52:00,workstation,India,password,True,1
S00680,U013,2025-01-24 07:50:00,2025-01-24 10:03:00,laptop,Germany,password+token,True,1
S00681,U013,2025-01-25 08:02:00,2025-01-25 09:51:00,laptop,USA,password,True,1
S00682,U013,2025-01-27 10:52:00,2025-01-27 12:59:00,laptop,India,password,True,3
S00683,U013,2025-01-28 06:07:00,2025-01-28 08:49:00,laptop,India,password,True,0
S00684,U013,2025-01-28 10:43:00,2025-01-28 12:12:00,laptop,India,password,True,0
S00685,U013,2025-01-28 12:51:00,2025-01-28 14:43:00,laptop,India,password,True,0
S00686,U013,2025-01-29 09:48:00,2025-01-29 11:33:00,workstation,India,password+token,False,0
S00687,U013,2025-01-29 13:31:00,2025-01-29 15:17:00,workstation,India,password,True,0
S00688,U013,2025-01-30 09:46:00,2025-01-30 11:08:00,vpn,India,password+token,True,4
S00689,U013,2025-01-30 11:37:00,2025-01-30 13:20:00,laptop,India,password,True,0
S00690,U013,2025-01-30 14:00:00,2025-01-30 15:27:00,workstation,India,password+token,True,1
S00691,U013,2025-01-31 10:16:00,2025-01-31 12:15:00,workstation,Germany,password,True,2
S00692,U013,2025-02-04 08:21:00,2025-02-04 11:05:00,laptop,India,password,True,2
S00693,U013,2025-02-04 12:50:00,2025-02-04 13:40:00,laptop,India,password,False,0
S00694,U013,2025-02-05 10:27:00,2025-02-05 11:15:00,laptop,India,password+token,True,0
S00695,U013,2025-02-06 10:17:00,2025-02-06 14:16:00,laptop,India,password+token,True,0
S00696,U013,2025-02-07 06:20:00,2025-02-07 08:15:00,laptop,India,password+token,True,2
S00697,U013,2025-02-07 08:47:00,2025-02-07 10:40:00,workstation,India,password+token,True,0
S00698,U013,2025-02-07 12:00:00,2025-02-07 14:15:00,laptop,India,password,True,1
S00699,U013,2025-02-08 09:00:00,2025-02-08 10:12:00,laptop,Germany,password+token,True,2
S00700,U013,2025-02-09 10:34:00,2025-02-09 14:01:00,workstation,India,password,True,1
S00701,U013,2025-02-10 07:49:00,2025-02-10 09:16:00,vpn,USA,password+token,True,2
S00702,U013,2025-02-11 09:41:00,2025-02-11 12:00:00,workstation,India,password,False,0
S00703,U013,2025-02-11 13:24:00,2025-02-11 15:45:00,vpn,India,password+token,False,0
S00704,U013,2025-02-12 10:16:00,2025-02-12 12:28:00,laptop,India,password,False,0
S00705,U013,2025-02-13 09:22:00,2025-02-13 11:40:00,vpn,India,password+token,False,1
S00706,U013,2025-02-13 12:40:00,2025-02-13 14:28:00,laptop,India,password,False,0
S00707,U014,2025-01-01 08:03:00,2025-01-01 09:18:00,workstation,India,password+token,True,1
S00708,U014,2025-01-01 10:14:00,2025-01-01 12:51:00,workstation,India,password+token,True,0
S00709,U014,2025-01-02 11:32:00,2025-01-02 12:24:00,laptop,India,password,True,0
S00710,U014,2025-01-02 13:50:00,2025-01-02 15:52:00,laptop,Singapore,password+token,True,0
S00711,U014,2025-01-03 09:26:00,2025-01-03 11:47:00,laptop,India,password+token,True,1
S00712,U014,2025-01-07 08:31:00,2025-01-07 10:56:00,laptop,India,password,False,2
S00713,U014,2025-01-07 12:20:00,2025-01-07 14:17:00,vpn,India,password+token,True,0
S00714,U014,2025-01-08 07:43:00,2025-01-08 10:57:00,laptop,India,password,True,0
S00715,U014,2025-01-09 09:54:00,2025-01-09 12:12:00,laptop,India,password,True,0
S00716,U014,2025-01-09 13:13:00,2025-01-09 14:02:00,laptop,India,password,True,1
S00717,U014,2025-01-09 15:23:00,2025-01-09 17:36:00,workstation,India,password+token,True,0
S00718,U014,2025-01-10 09:03:00,2025-01-10 10:27:00,vpn,India,password+token,True,0
S00719,U014,2025-01-10 11:13:00,2025-01-10 13:22:00,workstation,India,password,True,1
S00720,U014,2025-01-10 14:44:00,2025-01-10 16:41:00,laptop,India,password,True,0
S00721,U014,2025-01-11 08:56:00,2025-01-11 10:35:00,workstation,India,password+token,True,0
S00722,U014,2025-01-13 09:14:00,2025-01-13 10:06:00,workstation,India,password,False,1
S00723,U014,2025-01-14 07:02:00,2025-01-14 08:25:00,laptop,India,password,True,0
S00724,U014,2025-01-15 06:08:00,2025-01-15 08:10:00,workstation,Germany,password,True,0
S00725,U014,2025-01-15 09:43:00,2025-01-15 11:06:00,vpn,India,password+token,True,1
S00726,U014,2025-01-16 08:54:00,2025-01-16 10:52:00,workstation,India,password,True,1
S00727,U014,2025-01-20 09:24:00,2025-01-20 10:54:00,laptop,Singapore,password+token,True,0
S00728,U014,2025-01-21 07:44:00,2025-01-21 10:21:00,workstation,India,password,False,0
S00729,U014,2025-01-22 09:59:00,2025-01-22 11:48:00,laptop,USA,password+token,True,1
S00730,U014,2025-01-22 12:31:00,2025-01-22 14:57:00,laptop,India,password+token,False,1
S00731,U014,2025-01-22 15:33:00,2025-01-22 17:02:00,laptop,India,password,True,1
S00732,U014,2025-01-24 08:06:00,2025-01-24 10:02:00,laptop,Singapore,password+token,False,2
S00733,U014,2025-01-24 11:40:00,2025-01-24 13:10:00,laptop,India,password,False,2
S00734,U014,2025-01-24 14:02:00,2025-01-24 15:59:00,vpn,India,password+token,True,1
S00735,U014,2025-01-27 08:03:00,2025-01-27 09:16:00,laptop,India,password+token,True,0
S00736,U014,2025-01-27 11:07:00,2025-01-27 13:41:00,laptop,India,password+token,False,1
S00737,U014,2025-01-27 14:48:00,2025-01-27 16:09:00,workstation,India,password,True,0
S00738,U014,2025-01-28 09:54:00,2025-01-28 12:08:00,laptop,India,password,False,0
S00739,U014,2025-01-29 09:51:00,2025-01-29 11:24:00,laptop,India,password+token,True,0
S00740,U014,2025-02-02 08:26:00,2025-02-02 10:14:00,workstation,India,password,False,0
S00741,U014,2025-02-02 10:50:00,2025-02-02 11:56:00,laptop,India,password,True,0
S00742,U014,2025-02-03 09:06:00,2025-02-03 11:44:00,laptop,Singapore,password+token,True,0
S00743,U014,2025-02-04 10:12:00,2025-02-04 12:13:00,laptop,India,password,True,0
S00744,U014,2025-02-04 14:05:00,2025-02-04 15:45:00,laptop,Singapore,password,False,0
S00745,U014,2025-02-04 16:16:00,2025-02-04 17:54:00,laptop,India,password,False,0
S00746,U014,2025-02-05 09:09:00,2025-02-05 09:57:00,laptop,India,password,True,0
S00747,U014,2025-02-05 11:07:00,2025-02-05 12:29:00,laptop,Singapore,password,True,0
S00748,U014,2025-02-06 08:16:00,2025-02-06 10:06:00,laptop,India,password,True,0
S00749,U014,2025-02-06 11:18:00,2025-02-06 13:01:00,laptop,India,password,False,1
S00750,U014,2025-02-06 14:02:00,2025-02-06 16:09:00,workstation,Singapore,password,True,2
S00751,U014,2025-02-07 09:42:00,2025-02-07 12:27:00,laptop,India,password,False,1
S00752,U014,2025-02-07 13:44:00,2025-02-07 15:34:00,laptop,India,password,True,0
S00753,U014,2025-02-07 16:20:00,2025-02-07 17:51:00,workstation,India,password,False,0
S00754,U014,2025-02-10 08:38:00,2025-02-10 10:14:00,laptop,India,password+token,True,0
S00755,U014,2025-02-11 11:06:00,2025-02-11 12:54:00,vpn,Singapore,password+token,True,0
S00756,U014,2025-02-11 13:44:00,2025-02-11 15:58:00,laptop,India,password,True,1
S00757,U014,2025-02-11 17:39:00,2025-02-11 18:49:00,laptop,India,password+token,True,0
S00758,U014,2025-02-12 06:13:00,2025-02-12 08:25:00,workstation,India,password,True,0
S00759,U014,2025-02-13 09:03:00,2025-02-13 09:57:00,workstation,India,password+token,True,0
S00760,U014,2025-02-14 09:25:00,2025-02-14 11:19:00,laptop,India,password+token,True,1
S00761,U015,2025-01-01 12:31:00,2025-01-01 13:21:00,laptop,India,password,False,1
S00762,U015,2025-01-02 10:03:00,2025-01-02 11:53:00,laptop,India,password,True,4
S00763,U015,2025-01-02 13:39:00,2025-01-02 14:48:00,laptop,USA,password+token,True,1
S00764,U015,2025-01-03 08:40:00,2025-01-03 10:06:00,laptop,India,password,False,1
S00765,U015,2025-01-03 11:37:00,2025-01-03 12:26:00,workstation,Singapore,password+token,False,1
S00766,U015,2025-01-03 13:47:00,2025-01-03 15:32:00,laptop,USA,password,True,3
S00767,U015,2025-01-05 11:04:00,2025-01-05 12:54:00,laptop,India,password+token,True,0
S00768,U015,2025-01-06 12:17:00,2025-01-06 14:31:00,workstation,Singapore,password+token,True,1
S00769,U015,2025-01-06 16:18:00,2025-01-06 17:32:00,laptop,Singapore,password,True,0
S00770,U015,2025-01-06 19:12:00,2025-01-06 20:14:00,laptop,USA,password,False,1
S00771,U015,2025-01-07 10:28:00,2025-01-07 11:52:00,laptop,India,password,True,2
S00772,U015,2025-01-08 07:07:00,2025-01-08 08:22:00,laptop,India,password,True,2
S00773,U015,2025-01-08 09:24:00,2025-01-08 11:03:00,laptop,Singapore,password,False,0
S00774,U015,2025-01-10 08:49:00,2025-01-10 10:41:00,laptop,Singapore,password,False,2
S00775,U015,2025-01-10 12:14:00,2025-01-10 13:19:00,laptop,Singapore,password,False,1
S00776,U015,2025-01-13 06:08:00,2025-01-13 07:43:00,workstation,India,password+token,True,0
S00777,U015,2025-01-13 08:30:00,2025-01-13 10:16:00,laptop,Germany,password,True,0
S00778,U015,2025-01-14 09:25:00,2025-01-14 10:19:00,laptop,India,password+token,False,2
S00779,U015,2025-01-15 06:47:00,2025-01-15 08:27:00,laptop,India,password,True,1
S00780,U015,2025-01-17 13:29:00,2025-01-17 14:43:00,laptop,India,password,True,3
S00781,U015,2025-01-20 06:19:00,2025-01-20 08:27:00,workstation,USA,password+token,True,3
S00782,U015,2025-01-20 09:12:00,2025-01-20 10:20:00,laptop,India,password+token,True,2
S00783,U015,2025-01-20 12:15:00,2025-01-20 13:47:00,laptop,Germany,password,True,2
S00784,U015,2025-01-21 08:14:00,2025-01-21 09:16:00,laptop,Germany,password,True,1
S00785,U015,2025-01-23 10:57:00,2025-01-23 12:49:00,laptop,India,password+token,False,1
S00786,U015,2025-01-24 07:53:00,2025-01-24 09:20:00,laptop,Singapore,password+token,True,3
S00787,U015,2025-01-26 07:18:00,2025-01-26 08:44:00,workstation,India,password,True,0
S00788,U015,2025-01-27 09:34:00,2025-01-27 11:10:00,workstation,India,password,True,1
S00789,U015,2025-01-28 11:06:00,2025-01-28 13:46:00,laptop,India,password+token,True,0
S00790,U015,2025-01-28 15:13:00,2025-01-28 16:34:00,laptop,Germany,password,False,0
S00791,U015,2025-01-28 18:30:00,2025-01-28 19:54:00,laptop,India,password,True,2
S00792,U015,2025-01-29 10:22:00,2025-01-29 12:42:00,laptop,USA,password,True,1
S00793,U015,2025-01-30 06:57:00,2025-01-30 07:25:00,laptop,Germany,password+token,True,0
S00794,U015,2025-01-31 09:52:00,2025-01-31 11:42:00,laptop,India,password,True,1
S00795,U015,2025-01-31 12:19:00,2025-01-31 14:05:00,laptop,Germany,password,True,1
S00796,U015,2025-01-31 15:56:00,2025-01-31 18:17:00,laptop,India,password+token,False,1
S00797,U015,2025-02-01 11:30:00,2025-02-01 12:27:00,laptop,Germany,password,True,0
S00798,U015,2025-02-03 08:24:00,2025-02-03 10:13:00,laptop,Singapore,password+token,True,1
S00799,U015,2025-02-04 09:46:00,2025-02-04 12:00:00,laptop,USA,password,True,0
S00800,U015,2025-02-05 11:43:00,2025-02-05 12:44:00,laptop,Germany,password,True,1
S00801,U015,2025-02-05 14:20:00,2025-02-05 16:38:00,laptop,Germany,password+token,False,0
S00802,U015,2025-02-05 16:59:00,2025-02-05 18:57:00,laptop,USA,password+token,False,0
S00803,U015,2025-02-07 06:48:00,2025-02-07 08:45:00,vpn,India,password+token,False,1
S00804,U015,2025-02-09 08:51:00,2025-02-09 11:49:00,workstation,India,password,False,3
S00805,U015,2025-02-09 12:29:00,2025-02-09 14:39:00,workstation,Germany,password,True,0
S00806,U015,2025-02-10 06:52:00,2025-02-10 08:23:00,laptop,Germany,password+token,True,3
S00807,U015,2025-02-10 09:28:00,2025-02-10 10:14:00,workstation,India,password,True,0
S00808,U015,2025-02-11 07:40:00,2025-02-11 10:20:00,vpn,Germany,password+token,True,1
S00809,U015,2025-02-12 12:47:00,2025-02-12 14:16:00,laptop,India,password,False,2
S00810,U015,2025-02-12 15:15:00,2025-02-12 16:28:00,laptop,USA,password+token,True,2
S00811,U015,2025-02-12 17:11:00,2025-02-12 19:38:00,laptop,Germany,password+token,True,2
S00812,U015,2025-02-13 10:20:00,2025-02-13 11:22:00,laptop,Singapore,password+token,True,1
S00813,U016,2025-01-01 15:33:00,2025-01-01 18:04:00,laptop,India,password,True,0
S00814,U016,2025-01-02 16:06:00,2025-01-02 18:16:00,vpn,India,password+token,True,1
S00815,U016,2025-01-06 14:04:00,2025-01-06 15:47:00,vpn,India,password+token,False,3
S00816,U016,2025-01-07 17:00:00,2025-01-07 17:41:00,workstation,Germany,password,True,2
S00817,U016,2025-01-07 18:52:00,2025-01-07 21:30:00,vpn,India,password+token,True,0
S00818,U016,2025-01-07 21:55:00,2025-01-07 23:03:00,laptop,India,password,True,2
S00819,U016,2025-01-08 13:38:00,2025-01-08 15:45:00,workstation,India,password,True,0
S00820,U016,2025-01-09 11:07:00,2025-01-09 12:51:00,laptop,India,password+token,True,2
S00821,U016,2025-01-10 10:37:00,2025-01-10 13:02:00,vpn,India,password+token,True,0
S00822,U016,2025-01-10 14:39:00,2025-01-10 15:48:00,workstation,India,password,False,1
S00823,U016,2025-01-10 17:40:00,2025-01-10 19:51:00,laptop,India,password,True,0
S00824,U016,2025-01-13 15:34:00,2025-01-13 16:42:00,laptop,India,password+token,True,0
S00825,U016,2025-01-20 13:43:00,2025-01-20 16:59:00,laptop,India,password+token,True,2
S00826,U016,2025-01-21 11:26:00,2025-01-21 11:48:00,workstation,India,password+token,True,1
S00827,U016,2025-01-22 13:22:00,2025-01-22 15:34:00,laptop,India,password,True,0
S00828,U016,2025-01-23 10:32:00,2025-01-23 12:52:00,laptop,India,password,True,1
S00829,U016,2025-01-24 12:25:00,2025-01-24 14:17:00,workstation,USA,password+token,True,1
S00830,U016,2025-01-24 16:13:00,2025-01-24 18:15:00,laptop,India,password,True,0
S00831,U016,2025-01-24 19:59:00,2025-01-24 23:03:00,laptop,India,password,True,0
S00832,U016,2025-01-27 06:34:00,2025-01-27 09:14:00,laptop,India,password,True,0
S00833,U016,2025-01-29 12:01:00,2025-01-29 14:18:00,vpn,India,password+token,True,0
S00834,U016,2025-01-30 12:52:00,2025-01-30 14:42:00,workstation,India,password+token,True,2
S00835,U016,2025-01-31 11:22:00,2025-01-31 13:32:00,laptop,India,password,True,0
S00836,U016,2025-02-05 12:35:00,2025-02-05 15:07:00,laptop,India,password,False,2
S00837,U016,2025-02-06 13:26:00,2025-02-06 14:33:00,workstation,India,password,True,1
S00838,U016,2025-02-06 14:59:00,2025-02-06 16:57:00,laptop,Germany,password,True,1
S00839,U016,2025-02-06 18:49:00,2025-02-06 20:28:00,laptop,Germany,password,True,0
S00840,U016,2025-02-07 14:10:00,2025-02-07 16:53:00,workstation,India,password+token,True,2
S00841,U016,2025-02-07 17:57:00,2025-02-07 19:05:00,vpn,India,password+token,True,1
S00842,U016,2025-02-07 20:18:00,2025-02-07 22:33:00,workstation,India,password,True,0
S00843,U016,2025-02-10 12:48:00,2025-02-10 14:47:00,vpn,India,password+token,True,0
S00844,U016,2025-02-11 14:13:00,2025-02-11 15:16:00,laptop,India,password+token,False,3
S00845,U016,2025-02-12 15:33:00,2025-02-12 17:28:00,workstation,Singapore,password,False,0
S00846,U016,2025-02-13 13:58:00,2025-02-13 15:40:00,workstation,India,password+token,True,1
S00847,U016,2025-02-14 10:58:00,2025-02-14 13:02:00,laptop,India,password+token,True,0
S00848,U016,2025-02-14 14:57:00,2025-02-14 16:21:00,vpn,India,password+token,False,0
S00849,U016,2025-02-14 17:23:00,2025-02-14 19:20:00,laptop,India,password+token,True,1
S00850,U016,2025-02-15 14:49:00,2025-02-15 16:38:00,laptop,USA,password,True,1
S00851,U017,2025-01-01 07:07:00,2025-01-01 10:15:00,laptop,India,password,False,1
S00852,U017,2025-01-02 07:01:00,2025-01-02 09:43:00,vpn,India,password+token,True,0
S00853,U017,2025-01-02 11:36:00,2025-01-02 13:36:00,laptop,Singapore,password+token,True,0
S00854,U017,2025-01-02 14:59:00,2025-01-02 16:48:00,vpn,India,password+token,False,0
S00855,U017,2025-01-03 07:02:00,2025-01-03 09:17:00,laptop,India,password+token,True,0
S00856,U017,2025-01-03 10:13:00,2025-01-03 12:30:00,vpn,India,password+token,False,0
S00857,U017,2025-01-06 10:57:00,2025-01-06 14:00:00,workstation,India,password,False,0
S00858,U017,2025-01-07 09:30:00,2025-01-07 11:36:00,laptop,India,password+token,False,1
S00859,U017,2025-01-09 08:58:00,2025-01-09 12:26:00,workstation,India,password+token,True,1
S00860,U017,2025-01-09 13:34:00,2025-01-09 15:52:00,vpn,India,password+token,True,0
S00861,U017,2025-01-10 06:15:00,2025-01-10 09:07:00,laptop,India,password,False,1
S00862,U017,2025-01-13 08:49:00,2025-01-13 11:06:00,workstation,India,password,True,1
S00863,U017,2025-01-14 11:03:00,2025-01-14 14:02:00,laptop,India,password,True,0
S00864,U017,2025-01-14 14:55:00,2025-01-14 18:14:00,laptop,India,password,True,0
S00865,U017,2025-01-14 20:02:00,2025-01-14 22:14:00,workstation,Germany,password,True,0
S00866,U017,2025-01-20 09:04:00,2025-01-20 11:34:00,workstation,India,password,True,0
S00867,U017,2025-01-21 14:56:00,2025-01-21 17:20:00,workstation,India,password,True,0
S00868,U017,2025-01-22 07:44:00,2025-01-22 09:08:00,laptop,India,password,False,0
S00869,U017,2025-01-24 08:54:00,2025-01-24 11:40:00,laptop,Germany,password,True,0
S00870,U017,2025-01-24 13:04:00,2025-01-24 15:11:00,laptop,India,password,False,0
S00871,U017,2025-01-27 08:13:00,2025-01-27 10:08:00,workstation,India,password,True,0
S00872,U017,2025-01-27 11:21:00,2025-01-27 13:25:00,laptop,India,password,True,0
S00873,U017,2025-01-27 15:14:00,2025-01-27 17:25:00,workstation,India,password,False,0
S00874,U017,2025-01-28 09:36:00,2025-01-28 12:51:00,laptop,India,password,True,1
S00875,U017,2025-01-29 11:55:00,2025-01-29 13:41:00,vpn,India,password+token,True,0
S00876,U017,2025-01-29 15:34:00,2025-01-29 18:04:00,workstation,India,password+token,False,0
S00877,U017,2025-01-29 18:49:00,2025-01-29 20:50:00,workstation,India,password,True,0
S00878,U017,2025-01-30 07:50:00,2025-01-30 10:29:00,laptop,India,password,True,2
S00879,U017,2025-01-31 08:57:00,2025-01-31 11:45:00,workstation,India,password,False,0
S00880,U017,2025-02-01 08:07:00,2025-02-01 10:08:00,vpn,India,password+token,False,0
S00881,U017,2025-02-01 10:52:00,2025-02-01 13:00:00,workstation,India,password+token,True,1
S00882,U017,2025-02-01 13:20:00,2025-02-01 15:17:00,workstation,India,password+token,True,1
S00883,U017,2025-02-03 06:06:00,2025-02-03 08:43:00,laptop,India,password,True,1
S00884,U017,2025-02-04 08:15:00,2025-02-04 10:18:00,laptop,India,password+token,True,1
S00885,U017,2025-02-05 07:23:00,2025-02-05 09:27:00,vpn,USA,password+token,True,1
S00886,U017,2025-02-06 09:13:00,2025-02-06 11:36:00,laptop,India,password,False,1
S00887,U017,2025-02-06 12:31:00,2025-02-06 13:58:00,laptop,India,password,True,1
S00888,U017,2025-02-10 09:55:00,2025-02-10 12:26:00,workstation,India,password,True,1
S00889,U017,2025-02-10 14:13:00,2025-02-10 16:42:00,workstation,India,password+token,True,0
S00890,U017,2025-02-11 09:38:00,2025-02-11 11:31:00,laptop,India,password+token,False,0
S00891,U017,2025-02-12 11:50:00,2025-02-12 14:21:00,workstation,India,password,True,0
S00892,U017,2025-02-12 15:46:00,2025-02-12 19:13:00,laptop,India,password,True,1
S00893,U017,2025-02-13 07:31:00,2025-02-13 09:51:00,workstation,India,password+token,True,0
S00894,U017,2025-02-13 11:32:00,2025-02-13 14:06:00,vpn,Singapore,password+token,True,1
S00895,U017,2025-02-14 09:16:00,2025-02-14 11:36:00,laptop,India,password+token,True,0
S00896,U017,2025-02-14 13:26:00,2025-02-14 15:12:00,laptop,India,password+token,False,0
S00897,U018,2025-01-01 12:10:00,2025-01-01 14:21:00,laptop,India,password+token,False,0
S00898,U018,2025-01-01 15:33:00,2025-01-01 16:21:00,workstation,India,password,True,2
S00899,U018,2025-01-02 13:44:00,2025-01-02 15:48:00,laptop,India,password,True,1
S00900,U018,2025-01-03 10:49:00,2025-01-03 12:54:00,laptop,India,password+token,True,0
S00901,U018,2025-01-04 09:00:00,2025-01-04 11:04:00,vpn,India,password+token,True,0
S00902,U018,2025-01-04 12:49:00,2025-01-04 14:32:00,workstation,India,password+token,True,0
S00903,U018,2025-01-06 10:56:00,2025-01-06 12:45:00,workstation,India,password,False,0
S00904,U018,2025-01-08 10:28:00,2025-01-08 13:01:00,laptop,India,password+token,True,1
S00905,U018,2025-01-08 14:47:00,2025-01-08 15:45:00,workstation,India,password,False,0
S00906,U018,2025-01-08 17:16:00,2025-01-08 18:39:00,laptop,Singapore,password,True,2
S00907,U018,2025-01-09 12:34:00,2025-01-09 14:18:00,laptop,India,password+token,True,1
S00908,U018,2025-01-09 15:22:00,2025-01-09 17:42:00,laptop,India,password+token,True,1
S00909,U018,2025-01-10 10:02:00,2025-01-10 11:50:00,laptop,Germany,password,True,1
S00910,U018,2025-01-10 13:24:00,2025-01-10 15:30:00,laptop,India,password+token,False,0
S00911,U018,2025-01-10 16:37:00,2025-01-10 18:02:00,laptop,India,password,True,1
S00912,U018,2025-01-13 10:40:00,2025-01-13 11:46:00,laptop,India,password,True,1
S00913,U018,2025-01-13 12:49:00,2025-01-13 14:09:00,workstation,India,password,True,0
S00914,U018,2025-01-14 10:51:00,2025-01-14 13:44:00,laptop,India,password,False,3
S00915,U018,2025-01-14 15:19:00,2025-01-14 17:05:00,laptop,India,password,False,0
S00916,U018,2025-01-15 08:36:00,2025-01-15 10:29:00,laptop,India,password+token,True,1
S00917,U018,2025-01-15 11:56:00,2025-01-15 13:08:00,laptop,India,password+token,False,0
S00918,U018,2025-01-15 13:47:00,2025-01-15 16:05:00,laptop,India,password,True,1
S00919,U018,2025-01-16 11:50:00,2025-01-16 13:27:00,laptop,India,password,False,0
S00920,U018,2025-01-16 14:04:00,2025-01-16 15:13:00,laptop,USA,password,False,0
S00921,U018,2025-01-16 17:09:00,2025-01-16 18:47:00,laptop,USA,password,True,3
S00922,U018,2025-01-17 06:01:00,2025-01-17 09:15:00,workstation,India,password,True,0
S00923,U018,2025-01-20 09:19:00,2025-01-20 11:15:00,vpn,India,password+token,True,0
S00924,U018,2025-01-20 12:49:00,2025-01-20 14:03:00,laptop,Germany,password+token,False,0
S00925,U018,2025-01-21 11:46:00,2025-01-21 14:07:00,laptop,India,password,True,0
S00926,U018,2025-01-22 11:49:00,2025-01-22 14:31:00,laptop,India,password,True,2
S00927,U018,2025-01-22 15:18:00,2025-01-22 17:41:00,workstation,India,password,False,0
S00928,U018,2025-01-23 10:42:00,2025-01-23 12:33:00,workstation,India,password+token,True,1
S00929,U018,2025-01-23 13:49:00,2025-01-23 15:52:00,vpn,India,password+token,True,0
S00930,U018,2025-01-23 16:53:00,2025-01-23 18:38:00,vpn,India,password+token,False,2
S00931,U018,2025-01-24 06:41:00,2025-01-24 07:33:00,laptop,India,password,False,1
S00932,U018,2025-01-24 08:00:00,2025-01-24 09:43:00,laptop,India,password,True,0
S00933,U018,2025-01-25 10:54:00,2025-01-25 13:03:00,laptop,Germany,password,True,0
S00934,U018,2025-01-27 10:20:00,2025-01-27 11:32:00,laptop,India,password,True,0
S00935,U018,2025-01-27 11:57:00,2025-01-27 12:36:00,laptop,Germany,password,False,0
S00936,U018,2025-01-28 09:10:00,2025-01-28 11:59:00,laptop,India,password+token,True,0
S00937,U018,2025-01-31 06:57:00,2025-01-31 08:12:00,laptop,India,password,False,1
S00938,U018,2025-02-04 12:50:00,2025-02-04 14:26:00,laptop,India,password,False,1
S00939,U018,2025-02-04 16:12:00,2025-02-04 18:17:00,laptop,India,password,True,2
S00940,U018,2025-02-05 10:53:00,2025-02-05 11:59:00,laptop,India,password+token,True,0
S00941,U018,2025-02-07 09:15:00,2025-02-07 10:33:00,workstation,USA,password,True,1
S00942,U018,2025-02-08 10:44:00,2025-02-08 12:36:00,laptop,India,password+token,False,0
S00943,U018,2025-02-09 11:28:00,2025-02-09 13:45:00,workstation,India,password+token,False,1
S00944,U018,2025-02-10 10:41:00,2025-02-10 12:26:00,workstation,India,password,True,0
S00945,U018,2025-02-11 10:45:00,2025-02-11 13:10:00,vpn,India,password+token,False,2
S00946,U018,2025-02-11 14:16:00,2025-02-11 15:39:00,laptop,India,password,True,0
S00947,U018,2025-02-12 11:24:00,2025-02-12 13:43:00,workstation,India,password+token,True,1
S00948,U018,2025-02-13 12:01:00,2025-02-13 14:16:00,laptop,India,password,False,1
S00949,U018,2025-02-13 14:54:00,2025-02-13 18:02:00,workstation,India,password+token,True,0
S00950,U018,2025-02-15 10:45:00,2025-02-15 13:32:00,laptop,India,password+token,True,0
S00951,U019,2025-01-02 10:48:00,2025-01-02 12:13:00,laptop,India,password,False,1
S00952,U019,2025-01-02 12:59:00,2025-01-02 15:23:00,vpn,India,password+token,False,0
S00953,U019,2025-01-02 15:49:00,2025-01-02 17:48:00,workstation,India,password,True,0
S00954,U019,2025-01-03 10:11:00,2025-01-03 12:20:00,laptop,USA,password,False,0
S00955,U019,2025-01-08 11:58:00,2025-01-08 12:53:00,laptop,Singapore,password,True,2
S00956,U019,2025-01-08 13:56:00,2025-01-08 16:06:00,laptop,India,password+token,True,2
S00957,U019,2025-01-08 17:16:00,2025-01-08 19:25:00,laptop,India,password+token,False,1
S00958,U019,2025-01-09 08:07:00,2025-01-09 08:51:00,workstation,India,password,True,1
S00959,U019,2025-01-09 09:59:00,2025-01-09 12:06:00,laptop,India,password,True,1
S00960,U019,2025-01-13 10:10:00,2025-01-13 13:01:00,laptop,India,password,True,0
S00961,U019,2025-01-13 13:21:00,2025-01-13 16:11:00,laptop,India,password,True,5
S00962,U019,2025-01-14 10:24:00,2025-01-14 11:24:00,laptop,Singapore,password,True,0
S00963,U019,2025-01-15 11:12:00,2025-01-15 12:27:00,laptop,India,password+token,True,2
S00964,U019,2025-01-15 13:37:00,2025-01-15 15:34:00,laptop,India,password+token,True,1
S00965,U019,2025-01-16 11:48:00,2025-01-16 12:08:00,laptop,India,password+token,True,2
S00966,U019,2025-01-17 10:52:00,2025-01-17 11:55:00,workstation,India,password,True,1
S00967,U019,2025-01-17 12:53:00,2025-01-17 15:03:00,laptop,India,password+token,True,0
S00968,U019,2025-01-18 12:24:00,2025-01-18 14:25:00,laptop,India,password+token,True,0
S00969,U019,2025-01-18 15:08:00,2025-01-18 17:24:00,vpn,India,password+token,True,0
S00970,U019,2025-01-18 18:50:00,2025-01-18 21:57:00,laptop,India,password,True,1
S00971,U019,2025-01-19 08:21:00,2025-01-19 10:33:00,laptop,India,password+token,True,1
S00972,U019,2025-01-19 11:28:00,2025-01-19 13:59:00,laptop,India,password,False,0
S00973,U019,2025-01-19 15:32:00,2025-01-19 18:46:00,laptop,India,password,True,0
S00974,U019,2025-01-20 09:15:00,2025-01-20 12:12:00,laptop,USA,password,True,1
S00975,U019,2025-01-20 13:50:00,2025-01-20 15:25:00,laptop,Germany,password,True,2
S00976,U019,2025-01-20 16:10:00,2025-01-20 17:07:00,vpn,India,password+token,True,2
S00977,U019,2025-01-21 11:30:00,2025-01-21 12:56:00,workstation,India,password+token,False,1
S00978,U019,2025-01-21 13:51:00,2025-01-21 16:17:00,workstation,India,password,True,3
S00979,U019,2025-01-21 17:27:00,2025-01-21 19:10:00,laptop,India,password+token,False,0
S00980,U019,2025-01-22 09:36:00,2025-01-22 10:34:00,workstation,India,password,False,1
S00981,U019,2025-01-23 07:11:00,2025-01-23 07:47:00,laptop,India,password,True,1
S00982,U019,2025-01-23 09:34:00,2025-01-23 11:13:00,laptop,Singapore,password,True,1
S00983,U019,2025-01-23 12:54:00,2025-01-23 14:30:00,laptop,India,password,True,0
S00984,U019,2025-01-24 10:50:00,2025-01-24 12:43:00,laptop,India,password,True,1
S00985,U019,2025-01-26 10:50:00,2025-01-26 12:59:00,laptop,India,password,True,2
S00986,U019,2025-01-27 10:01:00,2025-01-27 11:42:00,laptop,India,password,False,1
S00987,U019,2025-01-29 12:37:00,2025-01-29 14:01:00,laptop,India,password,True,0
S00988,U019,2025-01-29 15:27:00,2025-01-29 17:06:00,laptop,India,password,True,1
S00989,U019,2025-01-29 18:11:00,2025-01-29 19:03:00,laptop,India,password+token,True,1
S00990,U019,2025-01-30 12:42:00,2025-01-30 14:43:00,workstation,India,password+token,True,0
S00991,U019,2025-02-03 10:24:00,2025-02-03 12:02:00,vpn,India,password+token,False,0
S00992,U019,2025-02-04 10:40:00,2025-02-04 12:42:00,laptop,Singapore,password+token,False,0
S00993,U019,2025-02-04 13:26:00,2025-02-04 14:37:00,laptop,USA,password+token,False,0
S00994,U019,2025-02-04 15:23:00,2025-02-04 17:49:00,workstation,India,password,True,0
S00995,U019,2025-02-06 07:35:00,2025-02-06 09:43:00,laptop,India,password+token,True,0
S00996,U019,2025-02-06 10:22:00,2025-02-06 12:09:00,laptop,India,password+token,True,0
S00997,U019,2025-02-07 10:34:00,2025-02-07 11:42:00,workstation,India,password,False,2
S00998,U019,2025-02-10 10:51:00,2025-02-10 11:35:00,laptop,India,password,True,0
S00999,U019,2025-02-11 11:50:00,2025-02-11 13:28:00,laptop,India,password+token,True,1
S01000,U019,2025-02-11 13:49:00,2025-02-11 16:00:00,workstation,India,password+token,True,2
S01001,U019,2025-02-11 16:54:00,2025-02-11 18:09:00,laptop,India,password,False,3
S01002,U019,2025-02-12 09:05:00,2025-02-12 11:41:00,workstation,Singapore,password+token,True,3
S01003,U019,2025-02-13 12:20:00,2025-02-13 14:07:00,laptop,India,password,False,2
S01004,U019,2025-02-13 15:03:00,2025-02-13 17:14:00,laptop,India,password,True,1
S01005,U019,2025-02-14 10:01:00,2025-02-14 12:34:00,workstation,India,password+token,True,1
S01006,U019,2025-02-14 13:44:00,2025-02-14 16:04:00,laptop,India,password,False,2
